Time of Day,Lap,LeadLap,Lap Tm,Speed
2 - Utah Valley University 1990 Mazda Miata (Green) - A,,,,
8:30:50,1,1,2:01.451,65.211
8:32:48,2,2,1:57.743,67.265
8:34:45,3,3,1:57.395,67.465
8:36:42,4,4,1:57.099,67.635
8:38:39,5,5,1:56.637,67.903
8:40:36,6,6,1:57.006,67.689
8:42:34,7,7,1:57.753,67.259
8:44:31,8,8,1:56.643,67.899
8:46:27,9,9,1:56.557,67.95
8:48:24,10,10,1:56.771,67.825
8:50:22,11,11,1:58.288,66.955
8:52:20,12,12,1:57.429,67.445
8:54:17,13,13,1:57.009,67.687
8:56:14,14,15,1:57.422,67.449
8:58:11,15,16,1:56.604,67.922
9:00:09,16,17,1:57.961,67.141
9:02:06,17,18,1:57.092,67.639
9:04:03,18,19,1:56.990,67.698
9:06:01,19,20,1:58.374,66.907
9:07:58,20,21,1:57.242,67.553
9:09:56,21,22,1:57.672,67.306
9:11:53,22,23,1:57.523,67.391
9:13:51,23,24,1:57.233,67.558
9:15:48,24,25,1:57.110,67.629
9:17:46,25,26,1:57.857,67.2
9:19:44,26,27,1:58.178,67.018
9:21:41,27,29,1:57.574,67.362
9:23:39,28,30,1:57.268,67.538
9:25:36,29,31,1:57.419,67.451
9:27:33,30,32,1:57.377,67.475
9:29:31,31,33,1:57.792,67.237
9:31:29,32,34,1:57.583,67.357
9:33:26,33,34,1:57.390,67.467
9:35:24,34,35,1:57.799,67.233
9:37:21,35,36,1:56.889,67.757
9:39:18,36,37,1:57.103,67.633
9:41:15,37,38,1:57.416,67.452
9:43:13,38,39,1:57.640,67.324
9:45:10,39,40,1:56.949,67.722
9:47:07,40,41,1:57.102,67.633
9:49:06,41,42,1:58.607,66.775
9:51:03,42,43,1:57.074,67.65
9:53:00,43,44,1:56.839,67.786
9:54:57,44,45,1:57.221,67.565
9:56:53,45,46,1:56.408,68.037
9:58:51,46,47,1:57.656,67.315
10:00:48,47,48,1:56.693,67.87
10:02:44,48,49,1:56.768,67.827
10:04:42,49,50,1:57.310,67.513
10:07:13,50,52,2:31.364,52.324
10:14:13,51,54,6:59.629,18.874
10:16:14,52,55,2:01.021,65.443
10:18:14,53,57,2:00.610,65.666
10:20:15,54,58,2:00.638,65.651
10:22:14,55,59,1:59.257,66.411
10:24:13,56,60,1:59.134,66.48
10:26:12,57,61,1:58.918,66.601
10:28:13,58,62,2:00.816,65.554
10:30:12,59,63,1:59.062,66.52
10:32:11,60,64,1:58.924,66.597
10:34:10,61,65,1:59.048,66.528
10:36:09,62,66,1:59.283,66.397
10:38:08,63,67,1:58.889,66.617
10:40:08,64,69,1:59.938,66.034
10:42:06,65,70,1:57.698,67.291
10:44:05,66,71,1:58.715,66.714
10:46:03,67,72,1:58.131,67.044
10:48:02,68,73,1:59.299,66.388
10:50:00,69,73,1:58.207,67.001
10:51:59,70,73,1:58.790,66.672
10:53:58,71,73,1:59.140,66.476
10:55:57,72,74,1:58.382,66.902
10:57:55,73,75,1:58.203,67.003
10:59:52,74,76,1:57.534,67.385
11:01:50,75,77,1:58.025,67.104
11:03:48,76,78,1:57.758,67.257
11:05:46,77,79,1:57.914,67.168
11:07:40,78,80,1:53.755,69.623
11:09:42,79,81,2:02.018,64.908
11:11:40,80,82,1:58.372,66.908
11:13:40,81,83,2:00.053,65.971
11:15:39,82,84,1:59.281,66.398
11:17:37,83,85,1:57.962,67.14
11:19:35,84,86,1:57.979,67.131
11:21:33,85,87,1:57.996,67.121
11:23:32,86,89,1:58.853,66.637
11:25:30,87,90,1:57.957,67.143
11:27:28,88,91,1:58.203,67.003
11:29:26,89,92,1:57.675,67.304
11:31:25,90,93,1:58.390,66.898
11:33:22,91,94,1:57.090,67.64
11:35:19,92,95,1:57.642,67.323
11:37:17,93,96,1:57.885,67.184
11:39:15,94,97,1:58.205,67.002
11:41:15,95,98,1:59.676,66.179
11:43:13,96,99,1:57.724,67.276
11:45:11,97,100,1:57.775,67.247
11:47:09,98,101,1:58.911,66.604
11:49:43,99,103,2:33.420,51.623
11:56:49,100,107,7:06.149,18.585
11:58:46,101,108,1:57.006,67.689
12:00:43,102,109,1:56.883,67.76
12:02:40,103,110,1:56.766,67.828
12:04:38,104,111,1:58.291,66.954
12:06:35,105,111,1:57.405,67.459
12:08:33,106,111,1:57.476,67.418
12:10:30,107,112,1:57.180,67.588
12:12:27,108,113,1:57.003,67.691
12:14:24,109,114,1:57.053,67.662
12:16:21,110,115,1:57.261,67.542
12:18:19,111,116,1:58.059,67.085
12:20:20,112,117,2:00.158,65.913
12:22:19,113,118,1:59.144,66.474
12:24:19,114,119,2:00.159,65.913
12:26:17,115,120,1:58.080,67.073
12:28:14,116,121,1:57.241,67.553
12:30:12,117,122,1:57.563,67.368
12:32:09,118,123,1:57.313,67.512
12:34:07,119,124,1:57.847,67.206
12:36:04,120,125,1:57.301,67.519
12:38:02,121,126,1:57.368,67.48
12:40:00,122,127,1:58.062,67.083
12:41:56,123,127,1:56.800,67.808
12:43:54,124,127,1:57.686,67.298
12:45:51,125,127,1:57.211,67.57
12:47:49,126,128,1:57.269,67.537
12:49:46,127,129,1:57.907,67.172
12:51:44,128,130,1:57.048,67.665
12:53:41,129,131,1:57.141,67.611
12:55:38,130,132,1:57.151,67.605
12:57:36,131,133,1:57.910,67.17
12:59:33,132,134,1:57.005,67.689
13:01:30,133,135,1:57.315,67.511
13:03:27,134,136,1:57.395,67.465
13:05:25,135,137,1:57.461,67.427
13:07:22,136,138,1:57.462,67.426
13:09:19,137,139,1:57.115,67.626
13:11:16,138,140,1:56.641,67.901
13:13:13,139,141,1:57.354,67.488
13:15:11,140,142,1:57.946,67.149
13:17:10,141,144,1:58.315,66.94
13:19:08,142,145,1:58.314,66.941
13:21:06,143,146,1:57.779,67.245
13:23:04,144,147,1:58.475,66.85
13:25:01,145,148,1:56.990,67.698
13:26:58,146,149,1:56.561,67.947
13:29:26,147,150,2:28.489,53.337
13:37:20,148,154,7:53.615,16.722
13:39:20,149,155,1:59.603,66.219
13:41:17,150,156,1:57.743,67.265
13:43:15,151,157,1:57.488,67.411
13:45:12,152,158,1:57.220,67.565
13:47:09,153,159,1:56.843,67.783
13:49:07,154,160,1:58.123,67.049
13:51:03,155,161,1:56.398,68.042
13:53:01,156,162,1:57.995,67.121
13:54:58,157,163,1:57.104,67.632
13:56:58,158,164,1:59.140,66.476
13:58:55,159,165,1:57.224,67.563
14:00:52,160,166,1:57.011,67.686
14:02:49,161,167,1:57.061,67.657
14:04:45,162,168,1:56.358,68.066
14:06:43,163,169,1:57.292,67.524
14:08:39,164,170,1:56.587,67.932
14:10:36,165,171,1:57.183,67.587
14:12:33,166,172,1:56.847,67.781
14:14:30,167,173,1:57.147,67.607
14:16:28,168,174,1:57.295,67.522
14:18:26,169,175,1:58.443,66.868
14:20:25,170,176,1:58.705,66.72
14:22:35,171,177,2:10.590,60.648
14:24:33,172,178,1:57.513,67.397
14:26:31,173,179,1:58.599,66.78
14:28:30,174,180,1:58.474,66.85
14:30:28,175,181,1:58.387,66.899
14:32:27,176,181,1:58.306,66.945
14:34:26,177,181,1:59.384,66.341
14:36:25,178,182,1:59.332,66.369
14:38:24,179,183,1:58.462,66.857
14:40:22,180,184,1:58.287,66.956
14:42:21,181,185,1:58.752,66.694
14:44:19,182,186,1:57.785,67.241
14:46:16,183,187,1:56.998,67.693
14:48:13,184,188,1:57.353,67.489
14:50:11,185,190,1:57.783,67.242
14:52:09,186,191,1:58.025,67.104
14:54:07,187,192,1:57.854,67.202
14:56:04,188,193,1:57.654,67.316
14:58:02,189,194,1:58.168,67.023
15:00:00,190,195,1:57.675,67.304
15:01:58,191,196,1:58.278,66.961
15:03:56,192,197,1:57.397,67.463
15:05:53,193,198,1:57.512,67.397
15:07:52,194,199,1:58.668,66.741
15:10:16,195,200,2:24.260,54.901
15:17:11,196,202,6:55.010,19.084
15:19:08,197,203,1:57.096,67.637
15:21:05,198,204,1:56.940,67.727
15:23:02,199,205,1:56.806,67.805
15:24:58,200,206,1:56.352,68.069
15:26:55,201,207,1:56.398,68.042
15:28:51,202,208,1:56.517,67.973
15:30:47,203,209,1:55.749,68.424
15:32:43,204,210,1:56.315,68.091
15:34:40,205,211,1:56.762,67.83
15:36:37,206,212,1:57.194,67.58
15:38:35,207,213,1:57.143,67.61
15:40:31,208,214,1:56.182,68.169
15:42:28,209,215,1:56.896,67.753
15:44:24,210,216,1:56.586,67.933
15:46:21,211,217,1:56.951,67.721
15:48:19,212,218,1:57.523,67.391
15:50:17,213,219,1:58.582,66.789
15:52:14,214,220,1:56.894,67.754
15:54:11,215,221,1:56.443,68.016
15:56:09,216,222,1:58.489,66.842
15:58:07,217,223,1:57.483,67.414
16:00:03,218,224,1:56.594,67.928
16:02:00,219,225,1:57.103,67.633
16:03:56,220,226,1:55.864,68.356
16:05:52,221,228,1:56.098,68.218
16:07:49,222,229,1:56.274,68.115
16:09:45,223,230,1:56.648,67.897
16:11:41,224,231,1:56.003,68.274
16:13:30,225,231,1:48.501,72.995
16:15:34,226,232,2:03.992,63.875
16:17:31,227,233,1:57.142,67.61
16:19:27,228,234,1:56.574,67.94
16:21:26,229,235,1:58.727,66.708
16:23:26,230,236,1:59.604,66.219
16:25:23,231,237,1:57.702,67.289
16:27:21,232,238,1:57.113,67.627
16:29:17,233,239,1:56.896,67.753
80 - Cremaster Racing 1999 Mazda Miata (Silver/Opal) - A,,,,
8:30:55,1,1,2:09.663,61.081
8:32:59,2,2,2:04.033,63.854
8:35:02,3,3,2:03.190,64.291
8:37:05,4,4,2:03.026,64.377
8:39:09,5,5,2:04.256,63.739
8:41:13,6,6,2:04.285,63.725
8:43:15,7,7,2:01.724,65.065
8:45:16,8,9,2:00.694,65.62
8:47:14,9,10,1:57.868,67.194
8:49:14,10,11,1:59.948,66.029
8:51:15,11,12,2:01.194,65.35
8:53:14,12,13,1:59.581,66.231
8:55:13,13,14,1:58.999,66.555
8:57:12,14,15,1:58.737,66.702
8:59:09,15,16,1:56.719,67.855
9:01:07,16,17,1:58.254,66.974
9:03:05,17,18,1:57.527,67.389
9:05:02,18,19,1:57.539,67.382
9:07:00,19,20,1:57.674,67.305
9:08:59,20,22,1:59.319,66.377
9:10:57,21,23,1:58.304,66.946
9:12:55,22,24,1:57.487,67.412
9:14:52,23,25,1:57.138,67.613
9:16:48,24,26,1:56.403,68.039
9:18:44,25,27,1:55.928,68.318
9:20:43,26,28,1:58.161,67.027
9:22:40,27,29,1:57.688,67.297
9:24:39,28,30,1:59.005,66.552
9:26:38,29,31,1:58.952,66.581
9:28:35,30,32,1:56.328,68.083
9:30:30,31,33,1:55.732,68.434
9:32:28,32,34,1:57.325,67.505
9:34:27,33,34,1:59.679,66.177
9:36:25,34,35,1:57.849,67.205
9:38:24,35,36,1:59.335,66.368
9:40:22,36,37,1:57.926,67.161
9:42:21,37,38,1:58.991,66.56
9:44:22,38,40,2:00.182,65.9
9:46:21,39,41,1:59.808,66.106
9:48:21,40,42,1:59.682,66.175
9:50:21,41,43,2:00.043,65.976
9:52:21,42,44,2:00.334,65.817
9:54:23,43,45,2:01.762,65.045
9:56:25,44,46,2:01.408,65.235
9:58:25,45,47,2:00.330,65.819
10:00:22,46,48,1:57.417,67.452
10:02:20,47,49,1:57.460,67.427
10:04:16,48,50,1:56.435,68.021
10:06:13,49,51,1:57.005,67.689
10:08:09,50,52,1:56.151,68.187
10:10:06,51,53,1:56.583,67.934
10:12:01,52,53,1:55.422,68.618
10:13:59,53,54,1:57.412,67.455
10:15:58,54,55,1:59.228,66.427
10:17:54,55,56,1:56.435,68.021
10:19:55,56,57,2:00.524,65.713
10:21:52,57,59,1:57.486,67.412
10:23:49,58,60,1:56.525,67.968
10:25:47,59,61,1:58.132,67.044
10:33:02,60,65,7:15.029,18.206
10:35:32,61,66,2:29.812,52.866
10:37:33,62,67,2:00.837,65.543
10:39:31,63,68,1:58.168,67.023
10:41:29,64,69,1:58.361,66.914
10:43:29,65,70,1:59.918,66.045
10:45:30,66,71,2:00.440,65.759
10:47:29,67,73,1:59.360,66.354
10:49:28,68,73,1:59.001,66.554
10:51:26,69,73,1:58.159,67.028
10:53:23,70,73,1:56.460,68.006
10:55:21,71,73,1:57.973,67.134
10:57:19,72,74,1:58.131,67.044
10:59:19,73,75,2:00.103,65.943
11:01:18,74,76,1:59.501,66.276
11:03:17,75,77,1:58.773,66.682
11:05:19,76,79,2:01.703,65.076
11:07:18,77,80,1:59.441,66.309
11:09:15,78,81,1:56.380,68.053
11:11:12,79,82,1:57.330,67.502
11:13:10,80,83,1:58.515,66.827
11:15:10,81,84,1:59.386,66.339
11:17:08,82,85,1:58.220,66.994
11:19:06,83,86,1:57.919,67.165
11:21:04,84,87,1:58.402,66.891
11:23:02,85,88,1:58.072,67.078
11:24:59,86,89,1:56.320,68.088
11:26:55,87,90,1:56.638,67.902
11:28:52,88,91,1:56.613,67.917
11:30:50,89,93,1:57.570,67.364
11:32:46,90,94,1:56.810,67.802
11:34:44,91,95,1:57.102,67.633
11:36:43,92,96,1:59.792,66.115
11:38:41,93,97,1:57.664,67.31
11:40:40,94,98,1:59.052,66.526
11:42:41,95,99,2:00.664,65.637
11:44:39,96,100,1:58.113,67.054
11:46:37,97,101,1:58.522,66.823
11:48:37,98,102,1:59.580,66.232
11:50:36,99,103,1:59.281,66.398
11:52:35,100,104,1:58.396,66.894
11:54:35,101,105,1:59.962,66.021
11:56:32,102,106,1:57.002,67.691
11:58:31,103,108,1:58.994,66.558
12:00:29,104,109,1:58.444,66.867
12:02:28,105,110,1:59.452,66.303
12:04:28,106,111,1:59.308,66.383
12:06:28,107,111,1:59.797,66.112
12:08:27,108,111,1:59.602,66.22
12:10:27,109,112,1:59.790,66.116
12:12:25,110,113,1:58.398,66.893
12:14:24,111,114,1:58.456,66.86
12:16:24,112,115,2:00.144,65.921
12:18:22,113,116,1:58.142,67.038
12:20:20,114,117,1:57.659,67.313
12:22:20,115,118,2:00.020,65.989
12:24:20,116,119,2:00.486,65.734
12:26:20,117,120,1:59.405,66.329
12:28:18,118,121,1:58.188,67.012
12:35:58,119,125,7:40.381,17.203
12:38:41,120,126,2:42.612,48.705
12:40:45,121,127,2:04.300,63.717
12:42:48,122,127,2:02.595,64.603
12:44:49,123,127,2:01.363,65.259
12:46:51,124,128,2:01.954,64.943
12:48:52,125,129,2:01.223,65.334
12:50:54,126,130,2:01.314,65.285
12:52:57,127,131,2:03.400,64.182
12:54:58,128,132,2:01.121,65.389
12:56:59,129,133,2:00.755,65.587
12:58:59,130,134,1:59.698,66.167
13:00:58,131,135,1:59.247,66.417
13:02:58,132,136,2:00.051,65.972
13:04:57,133,137,1:59.483,66.286
13:06:58,134,138,2:00.366,65.799
13:08:58,135,139,2:00.436,65.761
13:10:58,136,140,2:00.213,65.883
13:12:57,137,141,1:58.826,66.652
13:15:01,138,142,2:03.711,64.02
13:17:00,139,143,1:58.961,66.576
13:18:58,140,144,1:57.984,67.128
13:20:58,141,145,1:59.997,66.002
13:22:59,142,147,2:01.006,65.451
13:24:58,143,148,1:59.633,66.202
13:26:57,144,149,1:58.789,66.673
13:28:57,145,150,1:59.569,66.238
13:30:56,146,151,1:59.278,66.4
13:32:55,147,152,1:58.756,66.691
13:34:53,148,153,1:58.018,67.108
13:36:51,149,154,1:57.976,67.132
13:38:49,150,155,1:58.407,66.888
13:40:48,151,156,1:59.080,66.51
13:42:48,152,157,1:59.727,66.15
13:44:47,153,158,1:58.610,66.773
13:46:46,154,159,1:58.962,66.576
13:48:44,155,160,1:58.783,66.676
13:50:43,156,161,1:58.548,66.808
13:52:43,157,162,1:59.685,66.174
13:54:43,158,163,2:00.097,65.947
13:56:42,159,164,1:59.201,66.442
13:58:41,160,165,1:59.296,66.389
14:00:41,161,166,1:59.401,66.331
14:02:41,162,167,1:59.943,66.031
14:04:42,163,168,2:01.846,65
14:06:44,164,169,2:01.140,65.379
14:08:45,165,170,2:01.649,65.105
14:10:46,166,171,2:00.613,65.665
14:12:46,167,172,2:00.414,65.773
14:14:47,168,173,2:00.382,65.791
14:16:46,169,174,1:59.445,66.307
14:18:47,170,175,2:00.873,65.523
14:20:48,171,176,2:01.122,65.389
14:22:51,172,177,2:02.505,64.65
14:24:57,173,178,2:06.155,62.78
14:27:01,174,179,2:03.887,63.929
14:29:02,175,180,2:01.609,65.127
14:36:07,176,182,7:04.303,18.666
14:38:37,177,183,2:30.896,52.486
14:40:36,178,184,1:58.643,66.755
14:42:34,179,185,1:58.348,66.921
14:44:33,180,186,1:58.577,66.792
14:46:31,181,188,1:58.013,67.111
14:48:29,182,189,1:58.332,66.93
14:50:28,183,190,1:58.538,66.814
14:52:25,184,191,1:56.823,67.795
14:54:22,185,192,1:57.351,67.49
14:56:20,186,193,1:57.878,67.188
14:58:18,187,194,1:57.567,67.366
15:00:16,188,195,1:58.054,67.088
15:02:12,189,196,1:56.767,67.827
15:04:10,190,197,1:57.371,67.478
15:06:06,191,198,1:56.698,67.867
15:08:03,192,199,1:56.961,67.715
15:10:02,193,200,1:58.317,66.939
15:12:05,194,201,2:03.201,64.285
15:14:02,195,202,1:57.205,67.574
15:15:59,196,202,1:56.645,67.898
15:17:58,197,202,1:59.536,66.256
15:19:56,198,203,1:57.232,67.558
15:21:53,199,204,1:57.706,67.286
15:23:51,200,205,1:57.644,67.322
15:25:50,201,206,1:58.692,66.727
15:27:50,202,207,1:59.951,66.027
15:29:51,203,208,2:01.982,64.928
15:31:52,204,209,2:00.744,65.593
15:33:49,205,210,1:56.800,67.808
15:35:50,206,211,2:00.656,65.641
15:37:48,207,212,1:57.897,67.177
15:39:47,208,213,1:59.203,66.441
15:41:44,209,214,1:56.895,67.753
15:43:42,210,215,1:57.841,67.209
15:45:37,211,216,1:55.534,68.551
15:47:34,212,218,1:56.969,67.71
15:49:29,213,219,1:55.348,68.662
15:51:24,214,220,1:54.739,69.026
15:53:18,215,221,1:54.337,69.269
15:55:17,216,222,1:58.844,66.642
15:57:15,217,223,1:57.253,67.546
15:59:13,218,224,1:58.536,66.815
16:01:10,219,225,1:57.259,67.543
16:03:07,220,226,1:57.132,67.616
16:05:04,221,227,1:56.824,67.794
16:07:01,222,228,1:56.911,67.744
16:09:01,223,229,1:59.642,66.197
16:11:00,224,230,1:59.273,66.402
16:12:58,225,231,1:57.786,67.241
16:14:58,226,232,1:59.800,66.11
16:16:55,227,233,1:57.420,67.45
16:18:55,228,234,1:59.454,66.302
16:20:54,229,235,1:59.356,66.356
16:22:53,230,236,1:58.933,66.592
16:24:53,231,237,2:00.057,65.969
16:27:03,232,238,2:10.332,60.768
16:29:24,233,239,2:20.261,56.466
184 - Zoom Zoom Kaboom 1994 Mazda Miata (Blue/Orange) - A,,,,
8:30:47,1,1,2:02.067,64.882
8:32:48,2,2,2:00.532,65.709
8:34:48,3,3,2:00.468,65.744
8:36:48,4,4,2:00.362,65.801
8:38:48,5,5,1:59.294,66.391
8:40:48,6,6,1:59.764,66.13
8:42:49,7,7,2:01.216,65.338
8:44:49,8,8,1:59.789,66.116
8:46:50,9,9,2:01.263,65.313
8:48:50,10,10,2:00.691,65.622
8:50:49,11,12,1:58.720,66.712
8:52:48,12,13,1:59.074,66.513
8:54:48,13,14,2:00.100,65.945
8:56:48,14,15,1:59.631,66.204
8:58:48,15,16,2:00.151,65.917
9:00:48,16,17,1:59.592,66.225
9:02:49,17,18,2:01.590,65.137
9:04:49,18,19,1:59.579,66.232
9:06:48,19,20,1:59.588,66.227
9:08:48,20,21,1:59.155,66.468
9:10:47,21,23,1:58.933,66.592
9:12:46,22,24,1:59.063,66.519
9:14:44,23,25,1:58.468,66.853
9:16:43,24,26,1:58.806,66.663
9:18:42,25,27,1:58.972,66.57
9:20:42,26,28,2:00.279,65.847
9:22:40,27,29,1:57.631,67.329
9:24:39,28,30,1:59.078,66.511
9:26:39,29,31,2:00.506,65.723
9:28:37,30,32,1:58.068,67.08
9:30:35,31,33,1:57.908,67.171
9:32:35,32,34,1:59.236,66.423
9:34:36,33,34,2:01.860,64.993
9:36:36,34,35,2:00.018,65.99
9:38:38,35,36,2:01.270,65.309
9:40:36,36,38,1:58.387,66.899
9:42:35,37,39,1:58.633,66.761
9:44:35,38,40,1:59.947,66.029
9:46:34,39,41,1:59.726,66.151
9:48:33,40,42,1:59.007,66.551
9:50:36,41,43,2:02.357,64.729
9:52:35,42,44,1:59.010,66.549
9:54:36,43,45,2:01.043,65.431
9:56:35,44,46,1:59.007,66.551
9:58:36,45,47,2:01.322,65.281
10:00:35,46,48,1:58.831,66.649
10:02:34,47,49,1:58.727,66.708
10:04:33,48,50,1:58.947,66.584
10:06:32,49,51,1:59.492,66.281
10:08:32,50,52,1:59.999,66.001
10:10:30,51,53,1:58.300,66.948
10:12:29,52,53,1:58.939,66.589
10:14:28,53,54,1:58.599,66.78
10:16:27,54,56,1:58.549,66.808
10:18:25,55,57,1:58.394,66.895
10:20:24,56,58,1:58.859,66.634
10:22:26,57,59,2:02.180,64.822
10:24:25,58,60,1:58.944,66.586
10:26:25,59,61,1:59.916,66.046
10:28:25,60,62,1:59.871,66.071
10:30:28,61,63,2:02.817,64.486
10:37:37,62,67,7:09.927,18.422
10:40:03,63,68,2:25.409,54.467
10:41:59,64,70,1:56.479,67.995
10:43:55,65,71,1:55.715,68.444
10:45:51,66,72,1:56.371,68.058
10:47:49,67,73,1:57.176,67.591
10:49:46,68,73,1:57.190,67.583
10:51:43,69,73,1:57.667,67.309
10:53:40,70,73,1:56.667,67.886
10:55:37,71,74,1:57.137,67.613
10:57:35,72,74,1:57.329,67.502
10:59:32,73,75,1:57.643,67.322
11:01:30,74,76,1:58.102,67.061
11:03:27,75,78,1:57.063,67.656
11:05:25,76,79,1:57.306,67.516
11:07:23,77,80,1:57.811,67.226
11:09:20,78,81,1:57.378,67.474
11:11:18,79,82,1:57.760,67.255
11:13:15,80,83,1:57.542,67.38
11:15:13,81,84,1:57.541,67.381
11:17:10,82,85,1:57.067,67.654
11:19:06,83,86,1:56.605,67.922
11:21:03,84,87,1:56.451,68.011
11:23:00,85,88,1:57.424,67.448
11:24:58,86,89,1:57.615,67.338
11:26:54,87,90,1:56.558,67.949
11:28:52,88,91,1:57.121,67.622
11:30:48,89,92,1:56.810,67.802
11:32:45,90,94,1:56.336,68.079
11:34:42,91,95,1:56.839,67.786
11:36:38,92,96,1:56.853,67.777
11:38:36,93,97,1:57.535,67.384
11:40:33,94,98,1:57.221,67.565
11:42:31,95,99,1:58.203,67.003
11:44:30,96,100,1:58.514,66.828
11:46:28,97,101,1:58.007,67.115
11:48:25,98,102,1:56.993,67.696
11:50:23,99,103,1:57.639,67.325
11:52:19,100,104,1:56.558,67.949
11:54:16,101,105,1:57.250,67.548
11:56:13,102,106,1:56.231,68.14
11:58:10,103,107,1:57.077,67.648
12:00:07,104,108,1:57.213,67.569
12:02:05,105,109,1:57.639,67.325
12:04:01,106,111,1:56.938,67.728
12:05:59,107,111,1:57.229,67.56
12:07:56,108,111,1:57.292,67.524
12:09:54,109,112,1:58.314,66.941
12:11:51,110,113,1:56.908,67.746
12:13:50,111,114,1:58.457,66.86
12:15:48,112,115,1:58.804,66.664
12:17:46,113,116,1:57.246,67.55
12:19:44,114,117,1:58.161,67.027
12:21:43,115,118,1:59.252,66.414
12:23:41,116,119,1:57.668,67.308
12:25:39,117,120,1:58.148,67.035
12:27:37,118,121,1:57.965,67.139
12:29:36,119,122,1:59.144,66.474
12:31:35,120,122,1:59.169,66.46
12:33:34,121,124,1:58.597,66.781
12:35:33,122,125,1:59.379,66.343
12:43:13,123,127,7:40.180,17.211
12:45:51,124,127,2:37.556,50.268
12:47:51,125,128,2:00.564,65.691
12:49:54,126,129,2:02.314,64.751
12:51:55,127,130,2:01.666,65.096
12:54:00,128,132,2:04.914,63.404
12:56:02,129,133,2:01.187,65.354
12:58:04,130,134,2:02.170,64.828
13:00:07,131,135,2:03.590,64.083
13:02:09,132,136,2:01.271,65.308
13:04:10,133,137,2:00.927,65.494
13:06:10,134,138,2:00.780,65.574
13:08:13,135,139,2:02.886,64.45
13:10:16,136,140,2:02.417,64.697
13:12:17,137,141,2:01.148,65.375
13:14:17,138,142,2:00.407,65.777
13:16:19,139,143,2:01.428,65.224
13:18:21,140,144,2:02.067,64.882
13:20:21,141,145,2:00.272,65.851
13:22:23,142,146,2:02.297,64.76
13:24:24,143,147,2:01.261,65.314
13:26:26,144,148,2:01.044,65.431
13:28:27,145,149,2:01.794,65.028
13:30:29,146,150,2:01.917,64.962
13:32:31,147,151,2:01.877,64.984
13:34:33,148,152,2:02.029,64.903
13:36:35,149,154,2:01.730,65.062
13:38:36,150,155,2:01.452,65.211
13:40:38,151,156,2:01.478,65.197
13:42:39,152,157,2:01.335,65.274
13:44:40,153,158,2:00.593,65.675
13:46:41,154,159,2:00.944,65.485
13:48:42,155,160,2:01.251,65.319
13:50:42,156,161,2:00.545,65.702
13:52:47,157,162,2:04.075,63.832
13:54:46,158,163,1:59.667,66.184
13:56:49,159,164,2:03.152,64.311
13:58:51,160,165,2:01.660,65.099
14:00:51,161,166,2:00.226,65.876
14:02:56,162,167,2:04.514,63.607
14:04:57,163,168,2:01.123,65.388
14:06:55,164,169,1:58.151,67.033
14:08:54,165,170,1:59.254,66.413
14:10:55,166,171,2:00.977,65.467
14:12:58,167,172,2:02.303,64.757
14:15:01,168,173,2:03.050,64.364
14:17:05,169,174,2:04.748,63.488
14:19:09,170,175,2:03.859,63.944
14:21:12,171,176,2:02.322,64.747
14:23:14,172,177,2:02.039,64.897
14:25:16,173,178,2:02.604,64.598
14:27:19,174,179,2:02.997,64.392
14:29:23,175,180,2:04.158,63.79
14:31:27,176,181,2:03.258,64.255
14:33:32,177,181,2:05.859,62.928
14:35:38,178,182,2:05.785,62.965
14:43:33,179,186,7:54.981,16.674
14:46:08,180,187,2:34.640,51.216
14:48:08,181,188,1:59.845,66.085
14:50:08,182,189,2:00.098,65.946
14:52:09,183,191,2:00.707,65.613
14:54:10,184,192,2:01.602,65.131
14:56:11,185,193,2:00.877,65.521
14:58:14,186,194,2:02.840,64.474
15:00:16,187,195,2:02.203,64.81
15:02:17,188,196,2:01.173,65.361
15:04:18,189,197,2:01.057,65.424
15:06:20,190,198,2:01.411,65.233
15:08:20,191,199,2:00.404,65.779
15:10:20,192,200,2:00.255,65.86
15:12:23,193,201,2:02.204,64.81
15:14:23,194,202,2:00.268,65.853
15:16:23,195,202,2:00.122,65.933
15:18:25,196,202,2:01.953,64.943
15:20:26,197,204,2:01.270,65.309
15:22:28,198,205,2:01.430,65.223
15:24:29,199,206,2:01.622,65.12
15:26:30,200,207,2:00.441,65.758
15:28:29,201,208,1:59.434,66.313
15:30:29,202,209,1:59.430,66.315
15:32:29,203,210,2:00.940,65.487
15:34:29,204,211,1:59.530,66.26
15:36:29,205,212,2:00.308,65.831
15:38:28,206,213,1:59.090,66.504
15:40:28,207,214,1:59.627,66.206
15:42:28,208,215,2:00.305,65.833
15:44:26,209,216,1:58.176,67.019
15:46:28,210,217,2:01.449,65.213
15:48:28,211,218,2:00.471,65.742
15:50:29,212,219,2:00.246,65.865
15:52:29,213,220,2:00.193,65.894
15:54:28,214,221,1:58.739,66.701
15:56:26,215,222,1:58.571,66.795
15:58:26,216,223,1:59.827,66.095
16:00:26,217,225,2:00.300,65.835
16:02:27,218,226,2:00.487,65.733
16:04:28,219,227,2:00.731,65.6
16:06:27,220,228,1:59.946,66.03
16:08:27,221,229,1:59.967,66.018
16:10:28,222,230,2:00.442,65.758
16:12:28,223,231,1:59.994,66.003
16:14:27,224,231,1:59.493,66.28
16:16:26,225,232,1:58.259,66.972
16:18:24,226,233,1:57.994,67.122
16:20:26,227,234,2:02.318,64.749
16:22:26,228,236,2:00.406,65.777
16:24:26,229,237,2:00.148,65.919
16:26:29,230,238,2:02.212,64.805
16:28:29,231,239,2:00.472,65.741
16:30:30,232,240,2:00.429,65.765
46 - Uncommon Friends Racing 1978 Datsun 280Z (Silver) - C,,,,
8:30:38,1,1,1:54.547,69.142
8:32:32,2,2,1:53.932,69.515
8:34:25,3,3,1:52.933,70.13
8:36:17,4,4,1:52.008,70.709
8:38:09,5,5,1:52.018,70.703
8:40:02,6,6,1:52.818,70.202
8:41:55,7,7,1:52.608,70.332
8:43:49,8,8,1:53.849,69.566
8:45:41,9,9,1:52.489,70.407
8:47:33,10,10,1:52.411,70.456
8:49:26,11,11,1:52.747,70.246
8:51:19,12,12,1:52.690,70.281
8:53:11,13,13,1:52.569,70.357
8:55:04,14,14,1:52.417,70.452
8:56:56,15,15,1:52.618,70.326
8:58:50,16,16,1:53.772,69.613
9:00:43,17,17,1:53.192,69.97
9:02:37,18,18,1:53.324,69.888
9:04:30,19,19,1:53.636,69.696
9:06:24,20,20,1:53.216,69.955
9:08:16,21,21,1:52.745,70.247
9:10:10,22,22,1:53.262,69.926
9:12:03,23,23,1:53.821,69.583
9:13:56,24,24,1:52.788,70.22
9:15:49,25,25,1:53.113,70.018
9:17:43,26,26,1:54.046,69.446
9:19:37,27,27,1:53.678,69.67
9:21:30,28,28,1:53.277,69.917
9:23:24,29,29,1:53.215,69.955
9:25:18,30,31,1:54.057,69.439
9:27:11,31,32,1:53.606,69.715
9:29:04,32,33,1:53.001,70.088
9:30:57,33,34,1:52.965,70.11
9:32:50,34,34,1:53.029,70.071
9:34:44,35,35,1:53.975,69.489
9:36:45,36,36,2:00.541,65.704
9:38:39,37,37,1:53.975,69.489
9:40:35,38,38,1:55.952,68.304
9:42:28,39,39,1:53.470,69.798
9:44:20,40,40,1:52.224,70.573
9:46:13,41,41,1:52.640,70.313
9:48:06,42,42,1:52.646,70.309
9:49:58,43,43,1:52.571,70.356
9:51:53,44,44,1:54.536,69.149
9:53:46,45,45,1:52.889,70.157
9:55:39,46,46,1:53.029,70.071
9:57:33,47,47,1:54.026,69.458
9:59:27,48,48,1:54.417,69.22
10:01:21,49,49,1:53.786,69.604
10:03:16,50,50,1:54.797,68.991
10:05:09,51,51,1:53.243,69.938
10:07:03,52,52,1:53.929,69.517
10:08:56,53,53,1:53.036,70.066
10:16:09,54,55,7:13.213,18.282
10:19:11,55,57,3:02.334,43.437
10:21:18,56,58,2:06.892,62.415
10:23:22,57,59,2:03.947,63.898
10:25:26,58,60,2:03.653,64.05
10:27:30,59,62,2:03.715,64.018
10:29:33,60,63,2:03.365,64.2
10:31:35,61,64,2:01.899,64.972
10:33:36,62,65,2:01.437,65.219
10:35:37,63,66,2:00.968,65.472
10:37:37,64,67,1:59.420,66.321
10:39:41,65,68,2:04.305,63.714
10:41:42,66,69,2:01.259,65.315
10:43:42,67,70,1:59.656,66.19
10:45:41,68,72,1:59.086,66.507
10:47:39,69,73,1:58.097,67.064
10:49:38,70,73,1:58.866,66.63
10:51:37,71,73,1:58.890,66.616
10:53:37,72,73,1:59.753,66.136
10:55:33,73,74,1:56.517,67.973
10:57:30,74,74,1:56.769,67.826
10:59:26,75,75,1:55.861,68.358
11:01:22,76,76,1:56.524,67.969
11:03:21,77,78,1:58.401,66.891
11:05:18,78,79,1:56.956,67.718
11:07:16,79,80,1:58.332,66.93
11:09:12,80,81,1:55.539,68.548
11:11:08,81,82,1:56.184,68.168
11:13:04,82,83,1:56.123,68.204
11:15:00,83,84,1:56.428,68.025
11:16:58,84,85,1:57.279,67.531
11:18:54,85,86,1:56.260,68.123
11:20:49,86,87,1:55.641,68.488
11:22:49,87,88,1:59.249,66.416
11:24:44,88,89,1:55.578,68.525
11:26:45,89,90,2:00.279,65.847
11:28:42,90,91,1:57.768,67.251
11:30:41,91,92,1:58.234,66.986
11:32:37,92,93,1:56.115,68.208
11:34:36,93,95,1:59.524,66.263
11:36:32,94,96,1:55.823,68.38
11:38:30,95,97,1:57.468,67.423
11:45:21,96,100,6:51.162,19.262
11:48:19,97,102,2:58.720,44.315
11:50:31,98,103,2:12.043,59.98
11:52:41,99,104,2:09.561,61.13
11:54:56,100,106,2:15.368,58.507
11:57:01,101,107,2:04.316,63.709
11:59:07,102,108,2:06.038,62.838
12:01:13,103,109,2:06.305,62.705
12:03:17,104,110,2:03.789,63.98
12:05:32,105,111,2:14.934,58.695
12:07:45,106,111,2:13.341,59.397
12:09:51,107,112,2:05.600,63.057
12:11:53,108,113,2:02.731,64.531
12:13:56,109,114,2:02.608,64.596
12:15:59,110,115,2:02.981,64.4
12:17:59,111,116,1:59.634,66.202
12:20:03,112,117,2:04.555,63.586
12:22:05,113,118,2:01.518,65.176
12:24:10,114,119,2:05.254,63.232
12:26:13,115,120,2:02.604,64.598
12:28:13,116,121,2:00.877,65.521
12:30:18,117,122,2:04.080,63.83
12:32:18,118,123,2:00.307,65.832
12:34:22,119,124,2:03.960,63.892
12:36:23,120,125,2:00.861,65.53
12:38:22,121,126,1:58.954,66.58
12:40:21,122,127,1:59.102,66.498
12:42:21,123,127,2:00.188,65.897
12:44:25,124,127,2:04.429,63.651
12:46:26,125,128,2:00.267,65.853
12:48:25,126,129,1:59.793,66.114
12:50:25,127,130,1:59.812,66.104
12:52:25,128,131,1:59.863,66.075
12:54:27,129,132,2:01.842,65.002
12:56:28,130,133,2:00.799,65.563
12:58:30,131,134,2:02.528,64.638
13:05:43,132,138,7:12.492,18.312
13:11:19,133,140,5:36.069,23.567
13:13:17,134,141,1:58.320,66.937
13:15:15,135,143,1:58.217,66.995
13:17:11,136,144,1:55.635,68.491
13:22:02,137,146,4:50.530,27.261
13:24:32,138,147,2:30.705,52.553
13:26:28,139,148,1:56.061,68.24
13:28:24,140,149,1:55.624,68.498
13:30:19,141,150,1:55.391,68.636
13:32:14,142,151,1:55.177,68.764
13:34:10,143,152,1:55.621,68.5
13:36:06,144,153,1:55.739,68.43
13:38:01,145,154,1:55.416,68.621
13:39:57,146,155,1:55.624,68.498
13:41:52,147,156,1:54.939,68.906
13:43:47,148,157,1:54.955,68.897
13:45:42,149,158,1:55.315,68.681
13:47:37,150,159,1:55.056,68.836
13:49:33,151,160,1:55.418,68.62
13:51:27,152,161,1:54.736,69.028
13:53:21,153,162,1:53.351,69.871
13:55:14,154,163,1:53.673,69.674
13:57:07,155,164,1:53.112,70.019
13:59:01,156,165,1:53.277,69.917
14:00:55,157,166,1:54.016,69.464
14:02:49,158,167,1:53.920,69.522
14:04:44,159,168,1:55.483,68.582
14:06:40,160,169,1:56.236,68.137
14:08:35,161,170,1:54.610,69.104
14:10:29,162,171,1:54.282,69.302
14:12:23,163,172,1:53.601,69.718
14:14:17,164,173,1:54.133,69.393
14:16:11,165,174,1:54.020,69.461
14:18:05,166,175,1:54.332,69.272
14:19:59,167,176,1:54.007,69.469
14:21:54,168,177,1:54.438,69.208
14:23:47,169,178,1:53.158,69.991
14:25:41,170,179,1:54.542,69.145
14:27:36,171,180,1:54.219,69.34
14:29:30,172,180,1:54.651,69.079
14:31:25,173,181,1:54.551,69.14
14:33:19,174,181,1:54.215,69.343
14:35:14,175,181,1:54.779,69.002
14:37:09,176,182,1:55.584,68.522
14:39:02,177,184,1:52.847,70.184
14:40:58,178,185,1:55.683,68.463
14:42:53,179,186,1:55.095,68.813
14:50:10,180,190,7:16.934,18.126
14:53:45,181,191,3:35.239,36.796
14:55:45,182,192,1:59.911,66.049
14:57:44,183,194,1:58.638,66.758
14:59:41,184,195,1:57.080,67.646
15:01:37,185,196,1:55.707,68.449
15:03:32,186,197,1:55.301,68.69
15:05:27,187,198,1:55.443,68.605
15:07:25,188,199,1:58.019,67.108
15:09:21,189,200,1:56.005,68.273
15:11:18,190,201,1:56.335,68.079
15:13:14,191,202,1:56.023,68.262
15:15:10,192,202,1:56.202,68.157
15:17:06,193,202,1:55.688,68.46
15:19:03,194,203,1:56.982,67.703
15:20:58,195,204,1:55.138,68.787
15:22:53,196,205,1:54.953,68.898
15:24:49,197,206,1:56.391,68.046
15:26:47,198,207,1:57.683,67.299
15:28:43,199,208,1:56.198,68.16
15:30:38,200,209,1:55.441,68.606
15:32:34,201,210,1:55.220,68.738
15:34:29,202,211,1:55.478,68.584
15:36:24,203,212,1:54.612,69.103
15:38:19,204,213,1:54.823,68.976
15:40:14,205,214,1:55.864,68.356
15:42:09,206,215,1:54.959,68.894
15:44:06,207,216,1:56.189,68.165
15:46:01,208,217,1:55.197,68.752
15:47:58,209,218,1:56.953,67.72
15:49:55,210,219,1:57.108,67.63
15:51:50,211,220,1:54.840,68.966
15:53:44,212,221,1:54.623,69.096
15:55:39,213,222,1:54.529,69.153
15:57:34,214,223,1:55.178,68.763
15:59:31,215,224,1:57.362,67.484
16:01:27,216,225,1:55.811,68.387
16:03:23,217,226,1:55.892,68.339
16:05:19,218,227,1:55.782,68.404
16:07:14,219,228,1:54.874,68.945
16:09:09,220,229,1:54.925,68.915
16:11:04,221,230,1:55.210,68.744
16:12:59,222,231,1:54.721,69.037
16:14:54,223,232,1:55.129,68.792
16:16:49,224,232,1:54.832,68.97
16:18:45,225,234,1:56.139,68.194
16:20:40,226,235,1:55.190,68.756
16:22:35,227,236,1:55.393,68.635
16:24:30,228,237,1:55.003,68.868
16:26:26,229,238,1:56.202,68.157
16:28:21,230,239,1:54.566,69.13
16:30:15,231,240,1:54.114,69.404
888 - Tegy-spaghetti 2000 acura integra (black) - A,,,,
8:30:37,1,1,1:52.363,70.486
8:32:28,2,2,1:50.498,71.676
8:34:17,3,3,1:49.632,72.242
8:36:07,4,4,1:49.352,72.427
8:37:56,5,5,1:49.019,72.648
8:39:45,6,6,1:49.311,72.454
8:41:36,7,7,1:50.542,71.647
8:43:26,8,8,1:49.968,72.021
8:45:15,9,9,1:49.839,72.106
8:47:06,10,10,1:50.056,71.963
8:48:54,11,11,1:48.770,72.814
8:50:43,12,12,1:48.888,72.735
8:52:33,13,13,1:49.461,72.355
8:54:22,14,14,1:49.096,72.597
8:56:11,15,15,1:49.273,72.479
8:58:00,16,16,1:48.731,72.84
8:59:49,17,17,1:49.079,72.608
9:01:38,18,18,1:49.418,72.383
9:03:27,19,19,1:48.751,72.827
9:05:16,20,20,1:49.129,72.575
9:07:05,21,21,1:48.581,72.941
9:08:55,22,22,1:50.244,71.841
9:10:44,23,23,1:48.689,72.868
9:12:32,24,24,1:48.791,72.8
9:14:21,25,25,1:48.969,72.681
9:16:11,26,26,1:49.610,72.256
9:17:59,27,27,1:48.433,73.04
9:19:48,28,28,1:49.041,72.633
9:21:37,29,29,1:49.015,72.651
9:23:26,30,30,1:48.763,72.819
9:25:15,31,31,1:49.119,72.581
9:27:04,32,32,1:48.726,72.844
9:28:53,33,33,1:48.768,72.816
9:30:44,34,34,1:51.348,71.128
9:37:21,35,36,6:37.121,19.944
9:39:52,36,37,2:30.804,52.519
9:41:41,37,38,1:49.109,72.588
9:43:31,38,39,1:49.287,72.47
9:45:20,39,40,1:49.953,72.031
9:47:09,40,41,1:48.938,72.702
9:49:00,41,42,1:50.451,71.706
9:50:49,42,43,1:49.195,72.531
9:52:38,43,44,1:48.873,72.745
9:54:27,44,45,1:49.005,72.657
9:56:18,45,46,1:51.111,71.28
9:58:07,46,47,1:48.926,72.71
9:59:56,47,48,1:48.735,72.838
10:01:44,48,49,1:48.654,72.892
10:03:35,49,50,1:51.035,71.329
10:05:24,50,51,1:49.047,72.629
10:07:14,51,52,1:49.918,72.054
10:09:03,52,53,1:48.705,72.858
10:10:52,53,53,1:49.047,72.629
10:12:41,54,54,1:49.010,72.654
10:14:30,55,55,1:49.133,72.572
10:16:20,56,56,1:50.085,71.944
10:18:10,57,57,1:49.886,72.075
10:19:59,58,58,1:49.212,72.52
10:21:50,59,59,1:51.021,71.338
10:23:41,60,60,1:50.271,71.823
10:25:30,61,61,1:48.755,72.824
10:27:19,62,62,1:49.536,72.305
10:29:08,63,63,1:48.594,72.932
10:30:57,64,64,1:49.297,72.463
10:32:46,65,65,1:48.932,72.706
10:34:35,66,66,1:49.079,72.608
10:36:24,67,67,1:49.071,72.613
10:38:13,68,68,1:49.429,72.376
10:40:03,69,69,1:49.920,72.052
10:41:53,70,70,1:49.964,72.024
10:43:44,71,71,1:50.294,71.808
10:45:34,72,72,1:50.665,71.567
10:47:25,73,73,1:50.307,71.8
10:55:29,74,74,8:04.827,16.336
10:57:52,75,75,2:23.004,55.383
10:59:41,76,76,1:48.586,72.938
11:01:31,77,77,1:49.610,72.256
11:03:20,78,78,1:49.537,72.304
11:05:10,79,79,1:50.138,71.91
11:07:00,80,80,1:49.376,72.411
11:08:49,81,81,1:49.751,72.163
11:10:40,82,82,1:50.552,71.64
11:12:29,83,83,1:49.227,72.51
11:14:19,84,84,1:49.860,72.092
11:16:09,85,85,1:49.752,72.163
11:17:58,86,86,1:49.107,72.589
11:19:49,87,87,1:50.721,71.531
11:21:38,88,88,1:49.481,72.341
11:23:28,89,89,1:49.603,72.261
11:25:18,90,90,1:50.023,71.985
11:27:09,91,91,1:50.895,71.419
11:28:58,92,92,1:49.780,72.144
11:30:49,93,93,1:50.526,71.657
11:32:40,94,94,1:50.974,71.368
11:34:31,95,95,1:51.318,71.148
11:36:22,96,96,1:50.448,71.708
11:38:11,97,97,1:49.584,72.273
11:40:01,98,98,1:50.170,71.889
11:41:52,99,99,1:50.215,71.86
11:43:42,100,100,1:50.166,71.892
11:45:32,101,101,1:50.439,71.714
11:47:22,102,102,1:50.179,71.883
11:49:13,103,103,1:50.131,71.914
11:51:03,104,104,1:50.442,71.712
11:52:54,105,105,1:51.066,71.309
11:54:46,106,106,1:52.060,70.676
11:56:36,107,107,1:50.078,71.949
11:58:27,108,108,1:51.033,71.33
12:00:18,109,109,1:50.469,71.694
12:02:09,110,110,1:50.946,71.386
12:03:59,111,111,1:50.465,71.697
12:10:35,112,112,6:36.135,19.993
12:13:04,113,113,2:28.869,53.201
12:14:54,114,114,1:50.003,71.998
12:16:44,115,115,1:50.148,71.903
12:18:34,116,116,1:50.204,71.867
12:20:25,117,117,1:50.383,71.75
12:22:19,118,118,1:54.230,69.334
12:24:13,119,119,1:54.067,69.433
12:26:05,120,120,1:52.218,70.577
12:27:55,121,121,1:49.805,72.128
12:29:46,122,122,1:50.662,71.569
12:31:36,123,123,1:50.334,71.782
12:33:27,124,124,1:50.429,71.72
12:35:17,125,125,1:49.887,72.074
12:37:07,126,126,1:50.007,71.995
12:38:57,127,127,1:50.566,71.631
12:49:03,128,129,10:06.308,13.063
12:51:25,129,130,2:21.432,55.999
12:53:15,130,131,1:50.631,71.589
12:55:07,131,132,1:51.175,71.239
12:56:58,132,133,1:51.755,70.869
12:58:49,133,134,1:50.841,71.454
13:00:40,134,135,1:51.000,71.351
13:02:31,135,136,1:51.082,71.299
13:04:22,136,137,1:50.603,71.607
13:06:13,137,138,1:50.823,71.465
13:08:04,138,139,1:50.921,71.402
13:09:55,139,140,1:51.681,70.916
13:11:48,140,141,1:52.445,70.434
13:13:40,141,142,1:52.153,70.618
13:15:32,142,143,1:51.800,70.841
13:17:24,143,144,1:52.673,70.292
13:19:15,144,145,1:50.688,71.552
13:21:07,145,146,1:51.969,70.734
13:23:00,146,147,1:52.851,70.181
13:24:52,147,147,1:52.566,70.359
13:26:44,148,148,1:51.213,71.215
13:28:35,149,149,1:51.733,70.883
13:30:28,150,150,1:52.269,70.545
13:32:18,151,151,1:50.425,71.723
13:34:10,152,152,1:52.127,70.634
13:36:01,153,153,1:50.793,71.485
13:37:52,154,154,1:50.688,71.552
13:39:42,155,155,1:50.472,71.692
13:41:33,156,156,1:50.422,71.725
13:43:23,157,157,1:50.417,71.728
13:45:13,158,158,1:50.310,71.798
13:47:05,159,159,1:51.448,71.065
13:48:56,160,160,1:51.019,71.339
13:50:47,161,161,1:50.882,71.427
13:52:39,162,162,1:52.050,70.683
13:54:29,163,163,1:50.330,71.785
13:56:20,164,164,1:51.365,71.117
14:02:55,165,167,6:34.106,20.096
14:05:26,166,168,2:31.483,52.283
14:07:18,167,169,1:51.507,71.027
14:09:08,168,170,1:50.919,71.403
14:11:00,169,171,1:51.771,70.859
14:12:52,170,172,1:52.088,70.659
14:14:46,171,173,1:53.665,69.678
14:16:38,172,174,1:51.715,70.895
14:18:28,173,175,1:50.757,71.508
14:20:20,174,176,1:51.608,70.963
14:22:11,175,177,1:50.608,71.604
14:24:02,176,178,1:51.260,71.185
14:25:53,177,179,1:51.267,71.18
14:27:44,178,180,1:51.105,71.284
14:29:35,179,180,1:51.141,71.261
14:31:27,180,181,1:51.111,71.28
14:33:25,181,181,1:57.985,67.127
14:35:19,182,182,1:54.896,68.932
14:37:11,183,183,1:51.358,71.122
14:39:02,184,184,1:50.742,71.518
14:40:53,185,185,1:51.018,71.34
14:42:45,186,186,1:52.080,70.664
14:44:35,187,187,1:50.862,71.44
14:46:27,188,188,1:51.238,71.199
14:48:18,189,189,1:51.198,71.224
14:50:10,190,190,1:52.007,70.71
14:52:03,191,191,1:53.336,69.881
14:53:55,192,192,1:51.506,71.028
14:55:47,193,193,1:51.753,70.871
14:57:39,194,194,1:52.827,70.196
14:59:31,195,195,1:51.885,70.787
15:01:23,196,196,1:51.738,70.88
15:03:15,197,197,1:52.248,70.558
15:05:08,198,198,1:52.796,70.215
15:07:01,199,199,1:52.728,70.258
15:08:53,200,200,1:51.881,70.789
15:10:44,201,201,1:51.590,70.974
15:12:35,202,202,1:51.218,71.211
15:19:07,203,203,6:31.269,20.242
15:21:39,204,204,2:32.277,52.01
15:23:31,205,205,1:52.227,70.571
15:25:21,206,206,1:50.223,71.854
15:27:12,207,207,1:50.097,71.937
15:29:03,208,208,1:51.774,70.857
15:30:55,209,209,1:51.382,71.107
15:32:45,210,210,1:50.389,71.746
15:34:35,211,211,1:50.254,71.834
15:36:26,212,212,1:50.249,71.837
15:38:15,213,213,1:49.904,72.063
15:40:06,214,214,1:50.772,71.498
15:41:57,215,215,1:51.169,71.243
15:43:48,216,216,1:50.427,71.722
15:45:39,217,217,1:50.919,71.403
15:47:29,218,218,1:50.645,71.58
15:49:19,219,219,1:49.764,72.155
15:51:09,220,220,1:50.016,71.99
15:53:00,221,221,1:50.475,71.69
15:54:50,222,222,1:50.055,71.964
15:56:40,223,223,1:49.860,72.092
15:58:29,224,224,1:49.567,72.285
16:00:19,225,225,1:50.036,71.976
16:02:10,226,226,1:50.313,71.796
16:04:00,227,227,1:50.004,71.997
16:05:50,228,228,1:50.674,71.562
16:07:41,229,229,1:50.350,71.772
16:09:30,230,230,1:49.827,72.113
16:11:22,231,231,1:51.296,71.162
16:14:30,232,232,3:08.617,41.99
16:16:52,233,233,2:21.912,55.809
16:18:42,234,234,1:50.288,71.812
16:20:32,235,235,1:49.249,72.495
16:22:23,236,236,1:51.121,71.274
16:24:17,237,237,1:53.844,69.569
16:26:17,238,238,2:00.455,65.751
16:28:19,239,239,2:01.364,65.258
16:30:14,240,240,1:55.286,68.699
986 - Open Source Autosport 1999 Porsche Boxster 986 (Black) - C,,,,
8:30:53,1,1,2:05.583,63.066
8:32:52,2,2,1:58.783,66.676
8:34:48,3,3,1:56.502,67.982
8:36:47,4,4,1:58.256,66.973
8:38:42,5,5,1:55.479,68.584
8:40:37,6,6,1:54.551,69.14
8:42:32,7,7,1:55.027,68.853
8:44:27,8,8,1:55.541,68.547
8:46:23,9,9,1:55.712,68.446
8:48:19,10,10,1:55.545,68.545
8:50:16,11,11,1:57.604,67.345
8:52:11,12,12,1:55.077,68.823
8:54:07,13,13,1:56.042,68.251
8:56:01,14,14,1:54.086,69.421
8:57:56,15,15,1:54.369,69.25
8:59:51,16,17,1:55.094,68.813
9:01:45,17,18,1:54.265,69.313
9:03:40,18,19,1:55.107,68.806
9:05:35,19,20,1:54.921,68.917
9:07:31,20,21,1:56.312,68.093
9:09:25,21,22,1:53.935,69.513
9:11:19,22,23,1:53.723,69.643
9:13:16,23,24,1:56.441,68.017
9:15:10,24,25,1:54.941,68.905
9:17:05,25,26,1:54.864,68.951
9:19:02,26,27,1:56.475,67.997
9:20:56,27,28,1:54.173,69.368
9:22:52,28,29,1:55.622,68.499
9:24:48,29,30,1:56.708,67.862
9:26:46,30,31,1:57.428,67.446
9:28:41,31,32,1:55.103,68.808
9:30:35,32,33,1:54.533,69.15
9:32:31,33,34,1:55.999,68.276
9:34:26,34,34,1:55.029,68.852
9:36:22,35,35,1:56.057,68.242
9:38:17,36,36,1:54.525,69.155
9:40:13,37,37,1:56.477,67.996
9:42:09,38,38,1:55.229,68.733
9:44:03,39,39,1:54.658,69.075
9:45:59,40,40,1:55.859,68.359
9:47:56,41,41,1:56.747,67.839
9:49:51,42,42,1:54.876,68.944
9:51:48,43,43,1:56.903,67.748
9:53:46,44,45,1:58.046,67.092
9:55:41,45,46,1:55.165,68.771
9:57:35,46,47,1:54.437,69.208
9:59:32,47,48,1:56.988,67.699
10:01:28,48,49,1:55.899,68.335
10:03:24,49,50,1:55.666,68.473
10:05:19,50,51,1:55.348,68.662
10:07:16,51,52,1:56.998,67.693
10:09:15,52,53,1:58.228,66.989
10:11:12,53,53,1:57.283,67.529
10:13:08,54,54,1:55.800,68.394
10:15:06,55,55,1:58.235,66.985
10:17:05,56,56,1:59.583,66.23
10:19:04,57,57,1:58.352,66.919
10:21:01,58,58,1:57.223,67.564
10:22:59,59,59,1:58.300,66.948
10:24:58,60,60,1:58.188,67.012
10:26:55,61,61,1:57.756,67.258
10:29:22,62,63,2:26.317,54.129
10:36:09,63,66,6:47.220,19.449
10:38:05,64,67,1:56.114,68.209
10:40:01,65,68,1:55.738,68.43
10:41:57,66,70,1:56.331,68.082
10:43:55,67,71,1:57.681,67.301
10:45:53,68,72,1:57.930,67.158
10:47:47,69,73,1:54.632,69.091
10:49:45,70,73,1:57.331,67.501
10:51:39,71,73,1:54.361,69.254
10:53:35,72,73,1:56.552,67.953
10:55:28,73,73,1:53.032,70.069
10:57:23,74,74,1:54.029,69.456
10:59:16,75,75,1:53.734,69.636
11:01:11,76,76,1:54.641,69.085
11:03:05,77,77,1:54.271,69.309
11:05:00,78,78,1:54.939,68.906
11:06:55,79,79,1:55.274,68.706
11:08:49,80,80,1:53.728,69.64
11:10:43,81,82,1:54.324,69.277
11:12:38,82,83,1:54.632,69.091
11:14:34,83,84,1:55.744,68.427
11:16:28,84,85,1:53.734,69.636
11:18:22,85,86,1:54.116,69.403
11:20:15,86,87,1:53.702,69.656
11:22:11,87,88,1:55.618,68.501
11:24:07,88,89,1:55.724,68.439
11:26:01,89,90,1:54.176,69.367
11:27:55,90,91,1:54.303,69.29
11:29:51,91,92,1:55.505,68.568
11:31:44,92,93,1:53.371,69.859
11:33:40,93,94,1:56.051,68.246
11:35:34,94,95,1:54.281,69.303
11:37:28,95,96,1:53.587,69.726
11:39:22,96,97,1:54.007,69.469
11:41:15,97,98,1:53.340,69.878
11:43:09,98,99,1:53.439,69.817
11:45:03,99,100,1:54.095,69.416
11:46:57,100,101,1:53.655,69.685
11:48:51,101,102,1:54.206,69.348
11:50:45,102,103,1:53.869,69.554
11:52:39,103,104,1:54.814,68.981
11:54:33,104,105,1:53.874,69.551
11:56:28,105,106,1:54.912,68.922
11:58:22,106,107,1:53.748,69.628
12:00:17,107,108,1:54.727,69.033
12:02:11,108,110,1:53.904,69.532
12:04:04,109,111,1:53.411,69.834
12:05:57,110,111,1:52.801,70.212
12:07:50,111,111,1:53.494,69.783
12:09:44,112,112,1:53.669,69.676
12:11:41,113,113,1:56.987,67.7
12:13:39,114,114,1:58.079,67.074
12:15:37,115,115,1:58.442,66.868
12:17:34,116,116,1:56.790,67.814
12:19:29,117,117,1:54.783,69
12:21:24,118,118,1:55.170,68.768
12:23:20,119,119,1:55.311,68.684
12:25:14,120,120,1:54.180,69.364
12:27:08,121,121,1:54.268,69.311
12:29:20,122,122,2:12.216,59.902
12:36:23,123,125,7:02.922,18.727
12:38:22,124,126,1:59.155,66.468
12:40:21,125,127,1:58.750,66.695
12:42:20,126,127,1:58.826,66.652
12:44:15,127,127,1:55.185,68.759
12:46:14,128,128,1:58.723,66.71
12:48:09,129,129,1:54.851,68.959
12:50:04,130,130,1:55.721,68.44
12:52:00,131,131,1:55.640,68.488
12:53:58,132,132,1:57.739,67.267
12:55:55,133,133,1:57.082,67.645
12:57:51,134,134,1:56.099,68.218
12:59:47,135,135,1:55.753,68.422
13:01:42,136,136,1:54.897,68.931
13:03:35,137,137,1:53.614,69.71
13:05:34,138,138,1:59.002,66.554
13:07:30,139,139,1:56.141,68.193
13:09:26,140,140,1:55.653,68.481
13:11:24,141,141,1:57.623,67.334
13:13:19,142,142,1:55.305,68.687
13:15:13,143,143,1:54.321,69.279
13:17:09,144,144,1:55.789,68.4
13:19:05,145,145,1:56.208,68.154
13:21:00,146,146,1:54.550,69.14
13:22:56,147,147,1:56.420,68.03
13:24:56,148,148,1:59.487,66.283
13:26:51,149,149,1:55.730,68.435
13:28:47,150,150,1:55.682,68.464
13:30:43,151,151,1:56.447,68.014
13:32:39,152,152,1:55.755,68.42
13:34:35,153,153,1:56.204,68.156
13:36:31,154,154,1:55.325,68.675
13:38:26,155,155,1:55.447,68.603
13:40:21,156,156,1:54.496,69.173
13:42:16,157,157,1:55.634,68.492
13:44:12,158,158,1:55.847,68.366
13:46:10,159,159,1:58.011,67.112
13:48:06,160,160,1:55.943,68.309
13:50:02,161,161,1:56.226,68.143
13:51:58,162,162,1:56.108,68.212
13:53:55,163,163,1:56.433,68.022
13:55:50,164,164,1:55.527,68.555
13:57:48,165,165,1:57.203,67.575
13:59:44,166,166,1:56.410,68.035
14:01:40,167,167,1:55.588,68.519
14:03:36,168,168,1:56.420,68.03
14:05:30,169,169,1:54.021,69.461
14:07:24,170,170,1:54.391,69.236
14:09:20,171,171,1:55.368,68.65
14:11:47,172,172,2:27.390,53.735
14:13:46,173,173,1:59.110,66.493
14:15:45,174,174,1:58.353,66.918
14:17:42,175,175,1:57.325,67.505
14:19:39,176,176,1:56.812,67.801
14:21:35,177,177,1:56.463,68.004
14:23:31,178,178,1:55.407,68.627
14:25:26,179,179,1:55.378,68.644
14:27:23,180,180,1:57.318,67.509
14:29:45,181,181,2:21.211,56.086
14:37:43,182,183,7:58.228,16.561
14:39:39,183,184,1:55.872,68.351
14:41:34,184,185,1:55.167,68.77
14:43:30,185,186,1:55.647,68.484
14:45:26,186,187,1:56.338,68.077
14:47:21,187,188,1:54.831,68.971
14:49:16,188,189,1:55.124,68.795
14:51:14,189,190,1:57.778,67.245
14:53:11,190,191,1:57.412,67.455
14:55:09,191,192,1:58.134,67.043
14:57:06,192,193,1:56.503,67.981
14:59:01,193,194,1:55.757,68.419
15:00:57,194,195,1:55.703,68.451
15:02:54,195,196,1:56.884,67.759
15:04:51,196,197,1:57.060,67.658
15:06:47,197,198,1:56.232,68.14
15:08:43,198,199,1:55.549,68.542
15:10:39,199,200,1:55.771,68.411
15:12:34,200,201,1:55.589,68.519
15:14:32,201,202,1:57.438,67.44
15:16:28,202,202,1:56.731,67.848
15:18:25,203,203,1:57.027,67.677
15:20:21,204,204,1:55.961,68.299
15:22:17,205,205,1:56.071,68.234
15:24:14,206,206,1:56.798,67.809
15:26:10,207,207,1:56.156,68.184
15:28:07,208,208,1:56.501,67.982
15:30:04,209,209,1:56.931,67.732
15:32:00,210,210,1:56.101,68.216
15:33:57,211,211,1:56.611,67.918
15:35:53,212,212,1:56.239,68.135
15:37:51,213,213,1:58.357,66.916
15:39:50,214,214,1:59.056,66.523
15:41:48,215,215,1:58.301,66.948
15:43:49,216,216,2:00.350,65.808
15:45:52,217,217,2:03.223,64.274
15:47:54,218,218,2:02.231,64.795
15:49:56,219,219,2:01.685,65.086
15:51:53,220,220,1:57.464,67.425
15:53:54,221,221,2:00.255,65.86
15:55:56,222,222,2:02.544,64.63
15:57:59,223,223,2:02.527,64.639
16:00:00,224,224,2:01.097,65.402
16:02:03,225,225,2:03.125,64.325
16:04:05,226,227,2:02.389,64.712
16:06:09,227,228,2:03.615,64.07
16:08:11,228,229,2:02.468,64.67
16:10:14,229,230,2:02.795,64.498
16:12:16,230,231,2:01.956,64.941
16:14:18,231,231,2:01.394,65.242
16:16:20,232,232,2:02.047,64.893
16:18:20,233,233,2:00.015,65.992
16:20:22,234,234,2:02.161,64.832
16:22:24,235,236,2:01.947,64.946
16:24:26,236,237,2:02.371,64.721
16:26:32,237,238,2:05.951,62.882
16:28:38,238,239,2:05.697,63.009
16:30:42,239,240,2:03.964,63.89
720 - Buffs Racing 1990 Mazda Miata (Gold/black/white) - A,,,,
8:30:58,1,1,2:12.518,59.765
8:33:08,2,2,2:09.768,61.032
8:35:19,3,3,2:11.195,60.368
8:37:30,4,4,2:10.654,60.618
8:39:38,5,5,2:08.442,61.662
8:41:48,6,7,2:09.371,61.219
8:43:56,7,8,2:07.979,61.885
8:46:04,8,9,2:07.968,61.89
8:48:14,9,10,2:10.699,60.597
8:50:26,10,11,2:11.252,60.342
8:52:35,11,13,2:09.340,61.234
8:54:44,12,14,2:08.862,61.461
8:56:55,13,15,2:11.459,60.247
8:59:06,14,16,2:11.156,60.386
9:01:17,15,17,2:10.916,60.497
9:03:28,16,19,2:10.396,60.738
9:05:37,17,20,2:09.724,61.053
9:07:49,18,21,2:11.724,60.126
9:10:00,19,22,2:10.984,60.465
9:12:12,20,23,2:11.992,60.004
9:14:21,21,24,2:08.728,61.525
9:16:30,22,26,2:09.001,61.395
9:18:40,23,27,2:10.006,60.92
9:20:50,24,28,2:10.209,60.825
9:22:59,25,29,2:08.380,61.692
9:25:12,26,30,2:13.575,59.293
9:27:21,27,32,2:09.205,61.298
9:29:31,28,33,2:09.796,61.019
9:31:40,29,34,2:08.740,61.519
9:33:48,30,34,2:08.653,61.561
9:35:58,31,35,2:09.353,61.228
9:38:08,32,36,2:10.440,60.718
9:40:18,33,37,2:09.584,61.119
9:42:26,34,38,2:07.902,61.922
9:44:35,35,40,2:09.241,61.281
9:46:44,36,41,2:08.660,61.558
9:48:54,37,42,2:10.364,60.753
9:51:03,38,43,2:08.967,61.411
9:53:11,39,44,2:07.952,61.898
9:55:19,40,45,2:08.081,61.836
9:57:26,41,46,2:07.084,62.321
9:59:34,42,48,2:07.454,62.14
10:01:43,43,49,2:08.988,61.401
10:03:52,44,50,2:09.879,60.98
10:06:32,45,51,2:39.478,49.662
10:13:50,46,54,7:17.939,18.085
10:16:02,47,55,2:12.636,59.712
10:18:12,48,57,2:09.913,60.964
10:20:20,49,58,2:08.083,61.835
10:22:28,50,59,2:07.692,62.024
10:24:35,51,60,2:06.447,62.635
10:26:39,52,61,2:04.779,63.472
10:28:44,53,62,2:04.980,63.37
10:30:49,54,63,2:04.700,63.512
10:32:54,55,65,2:05.052,63.334
10:35:00,56,66,2:05.770,62.972
10:37:07,57,67,2:06.697,62.511
10:39:13,58,68,2:06.117,62.799
10:41:19,59,69,2:06.442,62.637
10:43:24,60,70,2:05.274,63.221
10:45:30,61,71,2:06.012,62.851
10:47:35,62,73,2:04.947,63.387
10:49:43,63,73,2:07.124,62.301
10:51:49,64,73,2:06.299,62.708
10:53:55,65,73,2:05.749,62.983
10:55:59,66,74,2:04.713,63.506
10:58:03,67,75,2:03.245,64.262
11:00:06,68,76,2:03.279,64.245
11:02:09,69,77,2:03.313,64.227
11:04:13,70,78,2:03.718,64.017
11:06:17,71,79,2:04.632,63.547
11:08:22,72,80,2:04.055,63.843
11:10:27,73,81,2:05.187,63.265
11:12:32,74,83,2:05.128,63.295
11:14:36,75,84,2:03.975,63.884
11:16:39,76,85,2:03.388,64.188
11:18:43,77,86,2:03.725,64.013
11:20:47,78,87,2:04.111,63.814
11:22:54,79,88,2:07.008,62.358
11:25:00,80,89,2:05.528,63.093
11:27:03,81,90,2:03.931,63.907
11:29:07,82,92,2:03.101,64.337
11:31:11,83,93,2:03.975,63.884
11:33:43,84,94,2:32.114,52.066
11:41:34,85,98,7:51.177,16.809
11:43:42,86,100,2:08.131,61.812
11:45:48,87,101,2:06.488,62.615
11:47:56,88,102,2:07.108,62.309
11:50:03,89,103,2:07.196,62.266
11:52:09,90,104,2:05.789,62.963
11:54:16,91,105,2:07.004,62.36
11:56:21,92,106,2:05.597,63.059
11:58:27,93,107,2:05.646,63.034
12:00:33,94,109,2:06.345,62.686
12:02:39,95,110,2:05.946,62.884
12:04:45,96,111,2:06.142,62.786
12:06:50,97,111,2:04.729,63.498
12:08:55,98,111,2:05.320,63.198
12:11:01,99,112,2:05.646,63.034
12:13:11,100,113,2:10.423,60.725
12:15:18,101,114,2:06.712,62.504
12:17:24,102,115,2:05.560,63.077
12:19:31,103,117,2:07.093,62.317
12:21:38,104,118,2:06.818,62.452
12:23:42,105,119,2:04.511,63.609
12:25:49,106,120,2:06.468,62.625
12:27:56,107,121,2:07.256,62.237
12:30:02,108,122,2:05.811,62.952
12:32:09,109,123,2:07.040,62.343
12:34:14,110,124,2:04.912,63.405
12:36:18,111,125,2:04.402,63.665
12:38:21,112,126,2:03.484,64.138
12:40:28,113,127,2:06.178,62.768
12:42:34,114,127,2:06.075,62.82
12:44:40,115,127,2:06.387,62.665
12:46:46,116,128,2:06.159,62.778
12:48:52,117,129,2:05.869,62.923
12:50:56,118,130,2:04.390,63.671
12:53:00,119,131,2:03.858,63.944
12:55:06,120,132,2:05.624,63.045
12:57:13,121,133,2:06.764,62.478
12:59:17,122,134,2:04.265,63.735
13:01:24,123,135,2:06.571,62.574
13:03:28,124,136,2:04.297,63.718
13:05:48,125,138,2:20.134,56.517
13:07:55,126,139,2:06.924,62.4
13:10:27,127,140,2:31.796,52.175
13:17:33,128,144,7:05.833,18.599
13:19:38,129,145,2:05.089,63.315
13:21:44,130,146,2:06.240,62.738
13:23:49,131,147,2:04.688,63.519
13:25:52,132,148,2:03.888,63.929
13:27:57,133,149,2:04.173,63.782
13:30:01,134,150,2:04.236,63.75
13:32:05,135,151,2:04.320,63.707
13:34:11,136,152,2:05.650,63.032
13:36:14,137,153,2:03.136,64.319
13:38:17,138,154,2:03.178,64.297
13:40:20,139,155,2:02.847,64.47
13:42:24,140,157,2:03.669,64.042
13:44:26,141,158,2:02.281,64.769
13:46:30,142,159,2:04.235,63.75
13:48:34,143,160,2:03.353,64.206
13:50:39,144,161,2:05.207,63.255
13:52:42,145,162,2:03.552,64.103
13:54:46,146,163,2:03.366,64.199
13:56:49,147,164,2:03.646,64.054
13:58:54,148,165,2:05.083,63.318
14:00:57,149,166,2:02.896,64.445
14:02:59,150,167,2:01.632,65.114
14:05:01,151,168,2:02.389,64.712
14:07:03,152,169,2:01.776,65.037
14:09:06,153,170,2:02.586,64.608
14:11:09,154,171,2:03.488,64.136
14:13:11,155,172,2:02.181,64.822
14:15:14,156,173,2:02.352,64.731
14:17:17,157,174,2:02.987,64.397
14:19:20,158,175,2:03.276,64.246
14:21:22,159,176,2:02.131,64.848
14:23:24,160,177,2:02.241,64.79
14:25:27,161,179,2:02.539,64.632
14:27:31,162,180,2:04.450,63.64
14:29:36,163,180,2:04.286,63.724
14:31:38,164,181,2:02.606,64.597
14:33:42,165,181,2:03.468,64.146
14:35:44,166,182,2:02.074,64.879
14:37:47,167,183,2:03.557,64.1
14:39:50,168,184,2:02.214,64.804
14:41:53,169,185,2:02.979,64.401
14:43:55,170,186,2:02.334,64.741
14:46:21,171,187,2:26.271,54.146
14:53:19,172,191,6:57.516,18.969
14:55:20,173,192,2:01.407,65.235
14:57:21,174,193,2:01.214,65.339
14:59:22,175,194,2:01.056,65.424
15:01:24,176,196,2:01.819,65.014
15:03:25,177,197,2:01.148,65.375
15:05:27,178,198,2:01.322,65.281
15:07:28,179,199,2:01.302,65.292
15:09:28,180,200,2:00.428,65.765
15:11:31,181,201,2:02.262,64.779
15:13:32,182,202,2:01.113,65.393
15:15:34,183,202,2:02.465,64.672
15:17:37,184,202,2:03.109,64.333
15:19:38,185,203,2:00.932,65.491
15:21:39,186,204,2:00.889,65.515
15:23:40,187,205,2:01.374,65.253
15:25:42,188,206,2:01.077,65.413
15:27:43,189,207,2:01.692,65.082
15:29:44,190,208,2:01.166,65.365
15:31:45,191,209,2:00.826,65.549
15:33:47,192,210,2:02.102,64.864
15:35:50,193,211,2:02.239,64.791
15:37:51,194,212,2:01.268,65.31
15:39:55,195,214,2:03.711,64.02
15:41:56,196,215,2:01.169,65.363
15:43:58,197,216,2:01.809,65.02
15:45:59,198,217,2:01.950,64.945
15:48:01,199,218,2:01.403,65.237
15:50:02,200,219,2:00.941,65.486
15:52:03,201,220,2:01.188,65.353
15:54:04,202,221,2:01.125,65.387
15:56:06,203,222,2:01.988,64.924
15:58:09,204,223,2:03.023,64.378
16:00:11,205,224,2:01.505,65.183
16:02:13,206,226,2:02.523,64.641
16:04:15,207,227,2:01.984,64.927
16:06:16,208,228,2:00.825,65.549
16:08:18,209,229,2:01.673,65.093
16:10:19,210,230,2:01.166,65.365
16:12:20,211,231,2:01.234,65.328
16:14:21,212,231,2:00.502,65.725
16:16:21,213,232,2:00.620,65.661
16:18:22,214,233,2:00.885,65.517
16:20:24,215,234,2:02.359,64.728
16:22:26,216,236,2:01.505,65.183
16:24:27,217,237,2:01.315,65.285
16:26:30,218,238,2:02.705,64.545
16:28:31,219,239,2:00.838,65.542
16:30:32,220,240,2:01.258,65.315
711 - Willie's Bar and Grill 1996 Ford Mustang (White) - D,,,,
8:30:55,1,1,2:07.607,62.066
8:32:55,2,2,2:00.960,65.476
8:34:57,3,3,2:01.744,65.055
8:36:58,4,4,2:01.114,65.393
8:39:01,5,5,2:02.722,64.536
8:41:04,6,6,2:03.022,64.379
8:43:08,7,7,2:04.332,63.7
8:45:12,8,8,2:03.723,64.014
8:47:19,9,10,2:07.014,62.355
8:49:23,10,11,2:03.500,64.13
8:51:29,11,12,2:05.950,62.882
8:53:32,12,13,2:03.813,63.967
8:55:37,13,14,2:04.319,63.707
8:57:41,14,15,2:04.312,63.711
8:59:46,15,16,2:04.911,63.405
9:01:52,16,18,2:05.610,63.052
9:03:58,17,19,2:06.030,62.842
9:06:02,18,20,2:03.938,63.903
9:08:05,19,21,2:03.393,64.185
9:10:11,20,22,2:06.237,62.739
9:12:15,21,23,2:04.187,63.775
9:14:20,22,24,2:04.505,63.612
9:16:25,23,26,2:05.329,63.194
9:18:30,24,27,2:04.920,63.401
9:20:35,25,28,2:04.482,63.624
9:22:40,26,29,2:05.354,63.181
9:24:43,27,30,2:03.547,64.105
9:26:47,28,31,2:03.228,64.271
9:28:48,29,32,2:01.682,65.088
9:31:30,30,34,2:41.674,48.987
9:36:25,31,35,4:54.642,26.88
9:38:41,32,37,2:16.185,58.156
9:40:53,33,38,2:11.639,60.165
9:43:08,34,39,2:15.622,58.398
9:45:23,35,40,2:15.312,58.531
9:47:38,36,41,2:14.099,59.061
9:49:52,37,42,2:14.124,59.05
9:52:05,38,44,2:13.191,59.463
9:54:16,39,45,2:10.897,60.506
9:56:28,40,46,2:12.710,59.679
9:58:40,41,47,2:11.861,60.063
10:00:51,42,48,2:10.706,60.594
10:02:59,43,49,2:07.994,61.878
10:05:08,44,50,2:08.484,61.642
10:07:16,45,52,2:08.154,61.801
10:09:24,46,53,2:07.909,61.919
10:11:30,47,53,2:06.518,62.6
10:13:38,48,54,2:07.846,61.95
10:15:43,49,55,2:05.374,63.171
10:17:49,50,56,2:06.044,62.835
10:19:57,51,57,2:07.344,62.194
10:22:02,52,59,2:05.013,63.353
10:24:06,53,60,2:04.178,63.779
10:26:10,54,61,2:04.561,63.583
10:28:15,55,62,2:04.486,63.622
10:30:17,56,63,2:01.937,64.952
10:32:22,57,64,2:05.473,63.121
10:34:50,58,66,2:27.652,53.64
10:42:19,59,70,7:29.220,17.631
10:44:27,60,71,2:07.967,61.891
10:46:33,61,72,2:05.635,63.04
10:48:35,62,73,2:02.585,64.608
10:50:44,63,73,2:08.327,61.717
10:52:55,64,73,2:11.624,60.171
10:55:02,65,73,2:07.118,62.304
10:57:09,66,74,2:06.575,62.572
10:59:15,67,75,2:05.669,63.023
11:01:20,68,76,2:04.764,63.48
11:03:24,69,78,2:04.407,63.662
11:05:26,70,79,2:02.303,64.757
11:07:32,71,80,2:05.474,63.121
11:09:35,72,81,2:03.062,64.358
11:11:37,73,82,2:01.809,65.02
11:13:38,74,83,2:01.530,65.169
11:15:45,75,84,2:06.607,62.556
11:17:51,76,85,2:06.735,62.493
11:19:58,77,87,2:06.840,62.441
11:22:05,78,88,2:06.734,62.493
11:24:09,79,89,2:04.236,63.75
11:26:16,80,90,2:06.481,62.618
11:28:21,81,91,2:05.692,63.011
11:30:30,82,92,2:08.362,61.701
11:32:36,83,93,2:06.721,62.5
11:34:43,84,95,2:06.047,62.834
11:36:48,85,96,2:05.563,63.076
11:38:51,86,97,2:02.717,64.539
11:41:21,87,98,2:30.059,52.779
11:46:50,88,101,5:28.813,24.087
11:49:32,89,103,2:42.797,48.65
11:52:10,90,104,2:37.701,50.222
11:54:12,91,105,2:01.781,65.035
11:56:13,92,106,2:01.141,65.378
11:58:14,93,107,2:01.357,65.262
12:00:16,94,108,2:01.325,65.279
12:02:16,95,110,2:00.077,65.958
12:04:17,96,111,2:01.277,65.305
12:06:16,97,111,1:58.951,66.582
12:08:17,98,111,2:00.445,65.756
12:10:17,99,112,2:00.655,65.642
12:12:18,100,113,2:00.930,65.492
12:14:18,101,114,2:00.101,65.944
12:16:19,102,115,2:00.997,65.456
12:18:19,103,116,1:59.399,66.332
12:20:18,104,117,1:59.702,66.164
12:22:18,105,118,1:59.870,66.072
12:24:19,106,119,2:01.110,65.395
12:26:18,107,120,1:58.555,66.804
12:28:16,108,121,1:58.300,66.948
12:30:15,109,122,1:59.267,66.406
12:32:17,110,123,2:01.137,65.381
12:34:17,111,124,2:00.918,65.499
12:36:19,112,125,2:01.085,65.409
12:38:20,113,126,2:01.156,65.37
12:40:20,114,127,2:00.297,65.837
12:42:20,115,127,2:00.244,65.866
12:44:20,116,127,1:59.690,66.171
12:46:59,117,128,2:38.965,49.822
12:54:16,118,132,7:16.927,18.127
12:56:16,119,133,2:00.282,65.845
12:58:17,120,134,2:00.947,65.483
13:00:19,121,135,2:02.376,64.719
13:02:21,122,136,2:01.624,65.119
13:04:23,123,137,2:01.609,65.127
13:06:23,124,138,2:00.753,65.588
13:08:24,125,139,2:00.219,65.88
13:10:24,126,140,2:00.033,65.982
13:12:25,127,141,2:01.584,65.14
13:14:26,128,142,2:00.397,65.782
13:16:26,129,143,2:00.634,65.653
13:18:27,130,144,2:00.573,65.686
13:20:28,131,145,2:01.587,65.139
13:22:31,132,146,2:02.304,64.757
13:24:33,133,147,2:02.019,64.908
13:26:33,134,148,1:59.808,66.106
13:28:32,135,149,1:59.555,66.246
13:30:32,136,150,1:59.428,66.316
13:32:31,137,151,1:59.901,66.054
13:34:32,138,152,2:00.413,65.774
13:36:33,139,154,2:00.750,65.59
13:38:32,140,155,1:59.442,66.308
13:40:34,141,156,2:01.753,65.05
13:42:33,142,157,1:59.442,66.308
13:44:34,143,158,2:00.600,65.672
13:46:35,144,159,2:01.062,65.421
13:48:34,145,160,1:59.479,66.288
13:50:37,146,161,2:02.929,64.427
13:53:19,147,162,2:41.782,48.955
13:58:18,148,165,4:59.084,26.481
14:00:25,149,166,2:06.713,62.503
14:02:31,150,167,2:06.349,62.684
14:04:36,151,168,2:04.963,63.379
14:06:42,152,169,2:05.540,63.087
14:08:48,153,170,2:05.783,62.966
14:10:52,154,171,2:04.414,63.658
14:12:57,155,172,2:04.536,63.596
14:14:59,156,173,2:02.910,64.437
14:17:02,157,174,2:02.145,64.841
14:19:05,158,175,2:03.714,64.019
14:21:09,159,176,2:03.596,64.08
14:23:11,160,177,2:02.256,64.782
14:25:14,161,178,2:03.069,64.354
14:27:17,162,179,2:02.849,64.469
14:29:19,163,180,2:01.851,64.997
14:31:21,164,181,2:01.667,65.096
14:33:24,165,181,2:03.130,64.322
14:35:27,166,182,2:03.106,64.335
14:37:28,167,183,2:00.924,65.496
14:39:29,168,184,2:00.959,65.477
14:41:29,169,185,2:00.720,65.606
14:43:30,170,186,2:00.732,65.6
14:45:32,171,187,2:01.588,65.138
14:47:34,172,188,2:01.950,64.945
14:49:35,173,189,2:01.687,65.085
14:51:37,174,190,2:01.461,65.206
14:53:39,175,191,2:01.873,64.986
14:56:02,176,193,2:23.208,55.304
15:03:32,177,197,7:29.984,17.601
15:05:43,178,198,2:10.788,60.556
15:07:52,179,199,2:08.948,61.42
15:10:00,180,200,2:08.581,61.595
15:12:06,181,201,2:05.554,63.08
15:14:15,182,202,2:08.998,61.396
15:16:23,183,202,2:07.983,61.883
15:18:32,184,203,2:09.058,61.368
15:20:38,185,204,2:06.183,62.766
15:22:45,186,205,2:07.268,62.231
15:24:51,187,206,2:05.678,63.018
15:26:56,188,207,2:05.225,63.246
15:29:01,189,208,2:04.884,63.419
15:31:05,190,209,2:04.021,63.86
15:33:09,191,210,2:04.238,63.749
15:35:15,192,211,2:05.787,62.964
15:37:21,193,212,2:06.391,62.663
15:39:29,194,213,2:07.744,61.999
15:41:36,195,214,2:07.258,62.236
15:43:44,196,215,2:07.687,62.027
15:45:50,197,217,2:06.264,62.726
15:47:54,198,218,2:03.998,63.872
15:49:57,199,219,2:02.167,64.829
15:52:00,200,220,2:03.657,64.048
15:54:05,201,221,2:04.944,63.388
15:56:42,202,223,2:36.509,50.604
16:01:20,203,225,4:38.287,28.46
16:03:30,204,226,2:10.482,60.698
16:05:38,205,227,2:07.319,62.206
16:07:45,206,229,2:06.790,62.465
16:09:54,207,230,2:09.114,61.341
16:12:03,208,231,2:09.267,61.269
16:14:10,209,231,2:07.249,62.24
16:16:17,210,232,2:06.290,62.713
16:18:20,211,233,2:03.396,64.184
16:20:26,212,234,2:05.847,62.934
16:22:30,213,236,2:04.518,63.605
16:24:36,214,237,2:05.752,62.981
16:27:07,215,238,2:30.782,52.526
16:29:08,216,239,2:01.205,65.344
16:31:10,217,240,2:01.518,65.176
635 - Freight Dawgs 1986 BMW 635 CSI (White) - C,,,,
8:31:06,1,1,2:11.536,60.212
8:33:17,2,2,2:10.671,60.61
8:35:24,3,3,2:07.295,62.218
8:37:31,4,4,2:07.241,62.244
8:39:39,5,5,2:07.255,62.237
8:41:45,6,7,2:06.175,62.77
8:43:51,7,8,2:06.378,62.669
8:45:59,8,9,2:07.324,62.204
8:48:04,9,10,2:05.387,63.164
8:50:12,10,11,2:08.134,61.81
8:52:19,11,12,2:07.051,62.337
8:54:25,12,14,2:06.255,62.73
8:56:31,13,15,2:05.483,63.116
8:58:38,14,16,2:06.918,62.402
9:00:43,15,17,2:04.936,63.392
9:02:51,16,18,2:08.479,61.644
9:04:54,17,19,2:03.123,64.326
9:06:59,18,20,2:04.951,63.385
9:09:08,19,22,2:08.528,61.621
9:11:14,20,23,2:05.838,62.938
9:13:19,21,24,2:05.082,63.318
9:15:25,22,25,2:06.150,62.782
9:17:31,23,26,2:06.463,62.627
9:19:39,24,27,2:07.243,62.243
9:21:44,25,29,2:05.350,63.183
9:23:51,26,30,2:06.938,62.393
9:25:58,27,31,2:07.461,62.137
9:28:04,28,32,2:05.710,63.002
9:30:10,29,33,2:05.665,63.025
9:32:14,30,34,2:03.893,63.926
9:34:20,31,34,2:06.775,62.473
9:36:26,32,35,2:05.877,62.919
9:38:40,33,37,2:14.098,59.061
9:40:45,34,38,2:05.101,63.309
9:42:50,35,39,2:04.655,63.535
9:44:56,36,40,2:06.379,62.669
9:47:03,37,41,2:06.951,62.386
9:49:08,38,42,2:04.400,63.666
9:51:12,39,43,2:04.377,63.677
9:53:17,40,44,2:04.730,63.497
9:55:22,41,45,2:04.942,63.389
9:57:26,42,46,2:04.638,63.544
9:59:31,43,48,2:04.204,63.766
10:01:34,44,49,2:03.690,64.031
10:03:41,45,50,2:06.583,62.568
10:05:46,46,51,2:04.964,63.378
10:07:50,47,52,2:04.494,63.618
10:22:04,48,59,14:13.640,9.278
10:24:49,49,60,2:44.749,48.073
10:26:58,50,61,2:09.052,61.371
10:29:08,51,63,2:09.945,60.949
10:31:14,52,64,2:06.700,62.51
10:33:21,53,65,2:06.935,62.394
10:35:29,54,66,2:07.305,62.213
10:37:35,55,67,2:05.975,62.87
10:39:43,56,68,2:07.810,61.967
10:41:49,57,69,2:06.569,62.575
10:43:54,58,71,2:05.015,63.352
10:46:01,59,72,2:06.958,62.383
10:48:09,60,73,2:07.678,62.031
10:50:16,61,73,2:07.735,62.003
10:52:25,62,73,2:08.642,61.566
10:54:34,63,73,2:08.658,61.559
10:56:41,64,74,2:06.931,62.396
10:58:48,65,75,2:07.661,62.039
11:00:57,66,76,2:08.522,61.624
11:03:05,67,77,2:08.327,61.717
11:05:14,68,79,2:08.478,61.645
11:07:22,69,80,2:08.539,61.616
11:09:29,70,81,2:06.501,62.608
11:11:36,71,82,2:07.247,62.241
11:13:42,72,83,2:06.390,62.663
11:15:49,73,84,2:06.508,62.605
11:17:58,74,86,2:09.074,61.36
11:20:05,75,87,2:07.134,62.296
11:22:12,76,88,2:06.945,62.389
11:24:19,77,89,2:06.956,62.384
11:26:27,78,90,2:08.315,61.723
11:28:34,79,91,2:07.096,62.315
11:30:42,80,92,2:07.713,62.014
11:32:50,81,94,2:08.201,61.778
11:34:58,82,95,2:07.724,62.009
11:37:07,83,96,2:08.538,61.616
11:39:15,84,97,2:08.021,61.865
11:41:21,85,98,2:06.387,62.665
11:43:29,86,99,2:07.667,62.036
11:45:35,87,101,2:05.933,62.891
11:47:42,88,102,2:07.000,62.362
11:49:47,89,103,2:05.801,62.957
11:51:54,90,104,2:06.891,62.416
11:54:02,91,105,2:07.903,61.922
11:56:10,92,106,2:07.811,61.966
11:58:19,93,107,2:09.253,61.275
12:00:27,94,109,2:07.603,62.068
12:02:35,95,110,2:08.246,61.756
12:04:43,96,111,2:08.192,61.782
12:07:08,97,111,2:24.391,54.851
12:14:26,98,114,7:18.105,18.078
12:17:39,99,116,3:13.719,40.884
12:19:52,100,117,2:12.827,59.626
12:22:04,101,118,2:11.612,60.177
12:24:15,102,119,2:11.155,60.387
12:26:23,103,120,2:08.353,61.705
12:28:32,104,121,2:08.960,61.414
12:30:42,105,122,2:09.259,61.272
12:32:50,106,123,2:08.240,61.759
12:34:56,107,124,2:06.555,62.581
12:37:01,108,125,2:04.409,63.661
12:39:09,109,127,2:07.913,61.917
12:41:17,110,127,2:08.247,61.756
12:43:25,111,127,2:07.542,62.097
12:45:32,112,127,2:07.103,62.312
12:47:39,113,128,2:07.540,62.098
12:49:47,114,129,2:07.619,62.06
12:51:54,115,130,2:07.078,62.324
12:54:05,116,132,2:11.574,60.194
12:56:13,117,133,2:07.969,61.89
12:58:23,118,134,2:09.504,61.156
13:00:31,119,135,2:08.218,61.77
13:02:39,120,136,2:08.183,61.787
13:04:48,121,137,2:08.841,61.471
13:06:57,122,138,2:08.395,61.685
13:09:04,123,139,2:07.129,62.299
13:11:11,124,140,2:07.592,62.073
13:26:19,125,148,15:07.291,8.729
13:29:46,126,150,3:27.725,38.127
13:32:01,127,151,2:14.547,58.864
13:34:13,128,152,2:11.806,60.088
13:36:22,129,153,2:09.059,61.367
13:38:30,130,155,2:08.545,61.613
13:40:40,131,156,2:10.079,60.886
13:42:51,132,157,2:10.332,60.768
13:45:00,133,158,2:08.873,61.456
13:47:07,134,159,2:07.371,62.181
13:49:16,135,160,2:09.025,61.383
13:51:23,136,161,2:07.316,62.207
13:53:35,137,162,2:11.455,60.249
13:55:44,138,163,2:09.618,61.103
13:57:52,139,165,2:07.656,62.042
14:00:01,140,166,2:09.487,61.164
14:02:14,141,167,2:12.078,59.965
14:04:58,142,168,2:43.951,48.307
14:12:49,143,172,7:51.261,16.806
14:15:39,144,173,2:50.470,46.46
14:17:45,145,175,2:05.970,62.872
14:19:52,146,176,2:06.293,62.711
14:21:58,147,177,2:06.046,62.834
14:24:07,148,178,2:09.872,60.983
14:26:21,149,179,2:13.316,59.408
14:28:31,150,180,2:10.701,60.596
14:30:42,151,181,2:10.517,60.682
14:32:53,152,181,2:10.543,60.67
14:35:03,153,181,2:10.207,60.826
14:37:12,154,183,2:09.169,61.315
14:39:20,155,184,2:07.770,61.986
14:41:29,156,185,2:09.609,61.107
14:43:37,157,186,2:07.498,62.119
14:45:46,158,187,2:09.728,61.051
14:47:54,159,188,2:07.976,61.887
14:50:03,160,189,2:08.681,61.548
14:52:11,161,191,2:07.916,61.916
14:54:20,162,192,2:08.772,61.504
14:56:29,163,193,2:08.736,61.521
14:58:36,164,194,2:07.729,62.006
15:00:47,165,195,2:10.993,60.461
15:02:56,166,196,2:08.250,61.754
15:05:05,167,197,2:09.642,61.091
15:07:14,168,199,2:09.189,61.306
15:09:23,169,200,2:08.132,61.811
15:11:31,170,201,2:08.643,61.566
15:13:39,171,202,2:07.656,62.042
15:15:54,172,202,2:15.320,58.528
15:18:06,173,202,2:12.148,59.933
15:20:18,174,203,2:11.293,60.323
15:22:26,175,205,2:08.527,61.621
15:24:34,176,206,2:07.792,61.976
15:26:48,177,207,2:14.263,58.989
15:28:59,178,208,2:10.509,60.685
15:31:06,179,209,2:07.809,61.967
15:33:16,180,210,2:09.634,61.095
15:35:28,181,211,2:11.943,60.026
15:37:39,182,212,2:10.743,60.577
15:39:49,183,213,2:10.553,60.665
15:41:59,184,215,2:09.197,61.302
15:44:08,185,216,2:09.557,61.131
15:46:20,186,217,2:12.028,59.987
15:48:29,187,218,2:09.016,61.388
15:50:40,188,219,2:10.604,60.641
15:52:53,189,220,2:13.058,59.523
15:55:02,190,222,2:09.331,61.238
15:57:11,191,223,2:08.845,61.469
15:59:20,192,224,2:09.506,61.155
16:01:30,193,225,2:09.329,61.239
16:03:38,194,226,2:08.196,61.78
16:05:49,195,227,2:10.853,60.526
16:07:58,196,229,2:08.957,61.416
16:10:25,197,230,2:26.818,53.944
16:16:05,198,232,5:40.149,23.284
16:19:00,199,234,2:55.335,45.171
16:21:13,200,235,2:12.631,59.715
16:23:26,201,236,2:12.994,59.552
16:25:38,202,237,2:12.348,59.842
16:27:48,203,238,2:10.219,60.821
16:29:59,204,239,2:10.810,60.546
47 - Bandits 1979 Pontiac Trans Am (Black) - D,,,,
8:30:42,1,1,1:53.603,69.716
8:32:33,2,2,1:50.826,71.463
8:34:24,3,3,1:51.284,71.169
8:36:15,4,4,1:50.507,71.67
8:38:05,5,5,1:50.018,71.988
8:39:54,6,6,1:49.537,72.304
8:41:44,7,7,1:49.992,72.005
8:43:34,8,8,1:49.598,72.264
8:45:24,9,9,1:49.858,72.093
8:47:14,10,10,1:50.014,71.991
8:49:04,11,11,1:49.800,72.131
8:50:55,12,12,1:50.805,71.477
8:52:47,13,13,1:52.263,70.549
8:54:37,14,14,1:50.332,71.783
8:56:27,15,15,1:49.882,72.077
8:58:17,16,16,1:49.695,72.2
9:00:07,17,17,1:50.642,71.582
9:01:57,18,18,1:49.436,72.371
9:03:47,19,19,1:50.132,71.914
9:05:37,20,20,1:49.912,72.058
9:07:28,21,21,1:51.150,71.255
9:09:20,22,22,1:51.870,70.796
9:11:12,23,23,1:52.079,70.664
9:13:03,24,24,1:50.651,71.576
9:14:54,25,25,1:51.504,71.029
9:16:56,26,26,2:01.645,65.107
9:18:49,27,27,1:53.523,69.766
9:20:45,28,28,1:55.405,68.628
9:22:42,29,29,1:57.105,67.632
9:25:12,30,30,2:30.332,52.683
9:40:55,31,38,15:43.324,8.396
9:42:47,32,39,1:51.749,70.873
9:44:37,33,40,1:50.107,71.93
9:46:29,34,41,1:51.739,70.879
9:48:20,35,42,1:50.556,71.638
9:50:10,36,43,1:50.337,71.78
9:52:00,37,44,1:50.515,71.664
9:53:51,38,45,1:50.430,71.72
9:55:41,39,46,1:49.860,72.092
9:57:31,40,46,1:50.773,71.498
9:59:22,41,47,1:50.555,71.639
10:01:13,42,48,1:51.071,71.306
10:03:04,43,49,1:51.261,71.184
10:04:57,44,50,1:52.428,70.445
10:06:48,45,51,1:50.878,71.43
10:08:38,46,52,1:50.753,71.51
10:10:30,47,53,1:51.540,71.006
10:12:22,48,53,1:51.821,70.827
10:14:14,49,54,1:52.119,70.639
10:16:08,50,55,1:53.592,69.723
10:18:00,51,56,1:52.183,70.599
10:19:54,52,57,1:53.895,69.538
10:21:50,53,58,1:56.291,68.105
10:23:45,54,60,1:55.172,68.767
10:26:10,55,61,2:25.027,54.611
10:33:10,56,65,7:00.343,18.842
10:35:08,57,66,1:57.543,67.38
10:37:06,58,67,1:57.769,67.25
10:39:04,59,68,1:58.112,67.055
10:41:01,60,69,1:57.550,67.376
10:42:59,61,70,1:57.380,67.473
10:44:56,62,71,1:57.418,67.451
10:46:54,63,72,1:57.804,67.23
10:48:51,64,73,1:57.331,67.501
10:50:48,65,73,1:56.412,68.034
10:52:49,66,73,2:01.637,65.112
10:54:45,67,73,1:56.079,68.229
10:56:41,68,74,1:55.099,68.81
10:58:37,69,75,1:56.364,68.062
11:00:31,70,76,1:54.422,69.217
11:02:27,71,77,1:55.878,68.348
11:04:24,72,78,1:56.909,67.745
11:06:20,73,79,1:55.425,68.616
11:08:15,74,80,1:55.061,68.833
11:10:11,75,81,1:55.887,68.342
11:12:06,76,82,1:55.740,68.429
11:14:02,77,83,1:55.843,68.368
11:15:58,78,84,1:55.495,68.574
11:17:54,79,85,1:56.868,67.769
11:19:51,80,87,1:56.377,68.055
11:21:46,81,88,1:54.791,68.995
11:23:41,82,89,1:55.213,68.742
11:25:36,83,90,1:55.072,68.826
11:27:30,84,91,1:53.809,69.59
11:29:26,85,92,1:56.251,68.128
11:31:21,86,93,1:55.132,68.791
11:33:16,87,94,1:54.933,68.91
11:35:14,88,95,1:58.201,67.005
11:37:10,89,96,1:56.258,68.124
11:39:07,90,97,1:56.141,68.193
11:41:02,91,98,1:55.576,68.526
11:42:57,92,99,1:54.598,69.111
11:44:52,93,100,1:54.794,68.993
11:46:51,94,101,1:59.785,66.118
11:48:54,95,102,2:02.434,64.688
11:50:52,96,103,1:57.795,67.235
11:52:50,97,104,1:58.144,67.037
11:54:47,98,106,1:57.640,67.324
11:56:41,99,107,1:53.277,69.917
11:58:35,100,108,1:54.000,69.474
12:00:30,101,109,1:55.253,68.718
12:02:25,102,110,1:55.199,68.751
12:04:20,103,111,1:55.275,68.705
12:06:16,104,111,1:55.776,68.408
12:08:13,105,111,1:56.949,67.722
12:10:08,106,112,1:55.252,68.719
12:12:04,107,113,1:55.657,68.478
12:13:58,108,114,1:54.242,69.327
12:15:54,109,115,1:55.345,68.664
12:17:47,110,116,1:53.709,69.651
12:19:44,111,117,1:56.604,67.922
12:21:39,112,118,1:54.890,68.936
12:23:35,113,119,1:56.125,68.202
12:25:29,114,120,1:54.417,69.22
12:27:24,115,121,1:55.101,68.809
12:29:46,116,122,2:21.377,56.02
12:36:37,117,125,6:51.365,19.253
12:38:31,118,126,1:54.082,69.424
12:40:24,119,127,1:52.970,70.107
12:42:21,120,127,1:56.877,67.764
12:44:17,121,127,1:55.519,68.56
12:46:12,122,127,1:55.730,68.435
12:48:06,123,128,1:53.950,69.504
12:50:01,124,129,1:54.254,69.319
12:51:56,125,130,1:54.989,68.876
12:53:51,126,131,1:54.980,68.882
12:55:45,127,132,1:54.085,69.422
12:57:39,128,133,1:54.038,69.451
12:59:33,129,134,1:54.180,69.364
13:01:28,130,135,1:54.912,68.922
13:03:29,131,136,2:00.997,65.456
13:05:54,132,138,2:25.034,54.608
13:29:38,133,150,23:43.977,5.562
13:31:35,134,151,1:56.761,67.831
13:33:30,135,152,1:55.397,68.633
13:35:24,136,153,1:53.953,69.502
13:37:19,137,154,1:54.798,68.991
13:39:16,138,155,1:57.312,67.512
13:41:15,139,156,1:58.717,66.713
13:43:44,140,157,2:28.825,53.217
14:02:45,141,167,19:01.709,6.937
14:04:42,142,168,1:57.140,67.611
14:06:41,143,169,1:58.258,66.972
14:08:36,144,170,1:55.320,68.678
14:10:30,145,171,1:54.031,69.455
14:12:24,146,172,1:54.409,69.225
14:14:19,147,173,1:54.373,69.247
14:16:13,148,174,1:54.188,69.359
14:18:06,149,175,1:53.426,69.825
14:20:01,150,176,1:54.280,69.303
14:21:55,151,177,1:54.661,69.073
14:23:49,152,178,1:53.740,69.632
14:25:44,153,179,1:54.627,69.094
14:27:39,154,180,1:54.855,68.957
14:29:33,155,180,1:54.745,69.023
14:31:29,156,181,1:55.345,68.664
14:33:24,157,181,1:55.167,68.77
14:35:43,158,182,2:19.173,56.908
14:42:47,159,186,7:04.069,18.676
14:44:44,160,187,1:57.163,67.598
14:46:40,161,188,1:55.639,68.489
14:48:35,162,189,1:55.442,68.606
14:50:30,163,190,1:55.018,68.859
14:52:25,164,191,1:54.537,69.148
14:54:20,165,192,1:54.676,69.064
14:56:13,166,193,1:53.696,69.659
14:58:09,167,194,1:55.966,68.296
15:00:02,168,195,1:53.216,69.955
15:01:57,169,196,1:54.191,69.357
15:03:51,170,197,1:53.925,69.519
15:05:47,171,198,1:56.824,67.794
15:07:42,172,199,1:55.039,68.846
15:09:42,173,200,1:59.472,66.292
15:11:37,174,201,1:54.940,68.906
15:13:33,175,202,1:56.189,68.165
15:15:30,176,202,1:57.194,67.58
15:19:16,177,203,3:45.957,35.051
15:40:00,178,214,20:43.440,6.369
15:42:05,179,215,2:05.874,62.92
15:44:16,180,216,2:10.135,60.86
15:46:30,181,217,2:14.435,58.913
15:48:38,182,218,2:07.820,61.962
15:50:55,183,219,2:17.472,57.612
15:53:15,184,221,2:19.781,56.66
15:55:35,185,222,2:19.766,56.666
15:57:54,186,223,2:18.962,56.994
16:00:10,187,224,2:15.724,58.354
16:02:20,188,226,2:10.043,60.903
16:04:31,189,227,2:11.656,60.157
16:06:39,190,228,2:07.901,61.923
16:08:42,191,229,2:02.845,64.471
16:10:46,192,230,2:04.029,63.856
16:12:50,193,231,2:04.311,63.711
16:14:58,194,232,2:07.368,62.182
16:17:06,195,233,2:08.379,61.692
16:19:11,196,234,2:05.283,63.217
16:21:14,197,235,2:02.715,64.54
16:23:13,198,236,1:58.685,66.731
16:25:11,199,237,1:58.572,66.795
16:27:08,200,238,1:57.105,67.632
16:29:08,201,239,1:59.669,66.183
16:31:04,202,240,1:56.374,68.056
436 - MR Miatas 2001 Mazda Miata (Blue) - A,,,,
8:30:44,1,1,1:58.517,66.826
8:32:40,2,2,1:55.772,68.41
8:34:36,3,3,1:55.342,68.665
8:36:31,4,4,1:55.327,68.674
8:38:27,5,5,1:55.933,68.315
8:40:22,6,6,1:55.619,68.501
8:42:19,7,7,1:56.768,67.827
8:44:15,8,8,1:55.685,68.462
8:46:11,9,9,1:55.670,68.471
8:48:07,10,10,1:56.157,68.184
8:50:04,11,11,1:57.782,67.243
8:52:00,12,12,1:55.265,68.711
8:53:55,13,13,1:55.356,68.657
8:55:51,14,14,1:55.490,68.577
8:57:46,15,15,1:55.297,68.692
8:59:43,16,16,1:57.470,67.421
9:01:39,17,18,1:56.067,68.236
9:03:35,18,19,1:55.440,68.607
9:05:31,19,20,1:56.325,68.085
9:07:27,20,21,1:55.492,68.576
9:09:23,21,22,1:56.801,67.808
9:11:19,22,23,1:55.137,68.788
9:13:15,23,24,1:56.731,67.848
9:15:12,24,25,1:56.848,67.78
9:17:08,25,26,1:55.587,68.52
9:19:03,26,27,1:55.468,68.59
9:20:58,27,28,1:54.900,68.93
9:22:55,28,29,1:57.247,67.55
9:24:51,29,30,1:55.154,68.777
9:26:47,30,31,1:56.700,67.866
9:28:44,31,32,1:56.860,67.773
9:30:38,32,33,1:54.219,69.34
9:32:34,33,34,1:55.300,68.69
9:34:29,34,34,1:55.252,68.719
9:36:25,35,35,1:56.264,68.121
9:38:24,36,36,1:59.086,66.507
9:40:19,37,37,1:54.428,69.214
9:42:15,38,38,1:55.992,68.281
9:44:10,39,39,1:55.733,68.433
9:46:06,40,40,1:55.273,68.706
9:48:01,41,41,1:55.309,68.685
9:49:57,42,42,1:55.624,68.498
9:51:54,43,44,1:57.310,67.513
9:53:49,44,45,1:55.331,68.672
9:55:46,45,46,1:56.635,67.904
9:57:41,46,47,1:55.494,68.575
9:59:37,47,48,1:55.360,68.655
10:01:35,48,49,1:58.013,67.111
10:04:02,49,50,2:27.306,53.766
10:11:04,50,53,7:01.780,18.778
10:12:58,51,54,1:54.661,69.073
10:14:53,52,55,1:54.706,69.046
10:16:48,53,56,1:54.582,69.121
10:18:43,54,57,1:55.632,68.493
10:20:39,55,58,1:55.412,68.624
10:22:34,56,59,1:55.124,68.795
10:24:29,57,60,1:54.799,68.99
10:26:25,58,61,1:56.596,67.927
10:28:25,59,62,1:59.664,66.185
10:30:20,60,63,1:55.268,68.709
10:32:16,61,64,1:55.418,68.62
10:34:10,62,65,1:54.292,69.296
10:36:04,63,66,1:54.505,69.167
10:37:59,64,67,1:54.438,69.208
10:39:54,65,68,1:54.859,68.954
10:41:49,66,69,1:55.362,68.653
10:43:44,67,71,1:55.020,68.858
10:45:39,68,72,1:54.578,69.123
10:47:33,69,73,1:54.715,69.041
10:49:28,70,73,1:54.513,69.162
10:51:22,71,73,1:54.339,69.268
10:53:17,72,73,1:54.423,69.217
10:55:12,73,73,1:54.962,68.892
10:57:07,74,74,1:55.772,68.41
10:59:02,75,75,1:54.927,68.913
11:00:57,76,76,1:54.658,69.075
11:02:52,77,77,1:54.927,68.913
11:04:47,78,78,1:54.702,69.048
11:06:42,79,79,1:55.630,68.494
11:08:37,80,80,1:54.989,68.876
11:10:32,81,81,1:54.804,68.987
11:12:29,82,82,1:56.955,67.718
11:14:23,83,84,1:53.524,69.765
11:16:22,84,85,1:58.999,66.555
11:18:20,85,86,1:58.059,67.085
11:20:16,86,87,1:55.999,68.276
11:22:11,87,88,1:55.712,68.446
11:24:08,88,89,1:57.160,67.6
11:26:03,89,90,1:54.124,69.398
11:27:59,90,91,1:56.277,68.113
11:29:53,91,92,1:54.477,69.184
11:31:49,92,93,1:55.863,68.357
11:33:44,93,94,1:54.922,68.916
11:35:40,94,95,1:56.121,68.205
11:37:38,95,96,1:57.694,67.293
11:40:02,96,98,2:23.640,55.138
11:50:58,97,103,10:56.417,12.066
11:52:58,98,105,2:00.179,65.902
11:54:57,99,106,1:59.236,66.423
11:57:01,100,107,2:03.683,64.035
11:59:02,101,108,2:01.053,65.426
12:01:01,102,109,1:58.992,66.559
12:03:01,103,110,2:00.329,65.82
12:05:02,104,111,2:00.027,65.985
12:07:02,105,111,1:59.999,66.001
12:09:02,106,111,2:00.187,65.897
12:11:01,107,112,1:59.780,66.121
12:13:11,108,113,2:09.125,61.336
12:15:10,109,114,1:59.453,66.302
12:17:08,110,115,1:57.779,67.245
12:19:07,111,116,1:59.323,66.374
12:21:05,112,117,1:58.182,67.015
12:23:04,113,118,1:59.038,66.533
12:25:04,114,119,1:59.720,66.154
12:27:04,115,120,1:59.660,66.188
12:29:03,116,121,1:58.941,66.588
12:31:05,117,122,2:01.860,64.993
12:33:05,118,123,2:00.111,65.939
12:35:05,119,124,1:59.970,66.017
12:37:05,120,125,1:59.947,66.029
12:39:08,121,127,2:03.392,64.186
12:41:09,122,127,2:00.847,65.537
12:43:09,123,127,2:00.476,65.739
12:45:11,124,127,2:01.219,65.336
12:47:12,125,128,2:01.153,65.372
12:49:11,126,129,1:58.835,66.647
12:51:10,127,130,1:59.455,66.301
12:53:08,128,131,1:58.280,66.96
12:55:07,129,132,1:58.263,66.969
12:57:10,130,133,2:03.687,64.033
12:59:12,131,134,2:01.526,65.171
13:01:51,132,136,2:39.321,49.711
303 - MPACT Racing BMW 1993 BMW 325i (Black/Gold) - C,,,,
11:55:20,1,106,2:51.460,46.192
11:57:21,2,107,2:01.013,65.448
11:59:20,3,108,1:58.715,66.714
12:01:19,4,109,1:58.674,66.737
12:03:18,5,110,1:58.982,66.565
12:05:17,6,111,1:59.562,66.242
12:07:15,7,111,1:57.374,67.477
12:09:11,8,111,1:56.315,68.091
12:11:08,9,112,1:56.702,67.865
12:13:07,10,113,1:59.297,66.389
12:15:06,11,114,1:59.484,66.285
12:17:05,12,115,1:58.691,66.728
12:19:01,13,116,1:56.135,68.196
12:20:58,14,117,1:56.931,67.732
12:22:55,15,118,1:57.018,67.682
12:24:53,16,119,1:57.826,67.218
12:26:51,17,120,1:57.683,67.299
12:28:47,18,121,1:56.526,67.968
12:30:43,19,122,1:56.324,68.086
12:32:39,20,123,1:55.479,68.584
12:34:35,21,124,1:55.867,68.354
12:36:30,22,125,1:55.190,68.756
12:38:26,23,126,1:55.657,68.478
12:40:22,24,127,1:55.900,68.335
12:42:22,25,127,2:00.645,65.647
12:44:20,26,127,1:57.758,67.257
12:46:20,27,128,2:00.394,65.784
12:48:16,28,129,1:55.470,68.589
12:50:11,29,130,1:55.435,68.61
12:52:08,30,131,1:57.124,67.621
12:54:06,31,132,1:58.067,67.081
12:56:34,32,133,2:27.187,53.809
13:10:09,33,140,13:35.368,9.713
13:12:54,34,141,2:45.290,47.916
13:15:02,35,142,2:07.266,62.232
13:17:06,36,143,2:04.458,63.636
13:19:12,37,145,2:05.816,62.949
13:21:16,38,146,2:03.961,63.891
13:23:16,39,147,2:00.576,65.685
13:25:16,40,148,1:59.810,66.105
13:27:16,41,149,1:59.973,66.015
13:29:17,42,150,2:00.563,65.692
13:31:18,43,151,2:00.990,65.46
13:33:18,44,152,2:00.303,65.834
13:35:18,45,153,1:59.917,66.046
13:37:18,46,154,1:59.968,66.018
13:39:20,47,155,2:01.670,65.094
13:41:18,48,156,1:58.106,67.058
13:43:15,49,157,1:57.648,67.319
13:45:13,50,158,1:57.837,67.211
13:47:10,51,159,1:57.162,67.599
13:49:07,52,160,1:57.003,67.691
13:51:04,53,161,1:56.393,68.045
13:53:01,54,162,1:57.576,67.361
13:54:58,55,163,1:56.661,67.889
13:56:58,56,164,1:59.826,66.096
13:58:56,57,165,1:57.860,67.198
14:00:52,58,166,1:56.732,67.848
14:02:50,59,167,1:57.732,67.271
14:04:49,60,168,1:58.383,66.901
14:06:47,61,169,1:58.438,66.87
14:08:48,62,170,2:01.049,65.428
14:10:46,63,171,1:57.889,67.182
14:12:44,64,172,1:58.149,67.034
14:14:42,65,173,1:58.265,66.968
14:16:42,66,174,1:59.733,66.147
14:18:41,67,175,1:59.252,66.414
14:20:40,68,176,1:59.108,66.494
14:22:40,69,177,1:59.424,66.318
14:24:41,70,178,2:01.456,65.209
14:26:43,71,179,2:01.863,64.991
14:28:43,72,180,1:59.858,66.078
14:30:42,73,181,1:59.093,66.503
14:32:42,74,181,2:00.005,65.997
14:34:42,75,181,1:59.899,66.056
14:37:12,76,183,2:29.523,52.968
14:45:49,77,187,8:37.168,15.314
14:48:58,78,189,3:09.694,41.751
14:51:19,79,190,2:20.732,56.277
14:53:39,80,191,2:19.619,56.726
14:56:00,81,193,2:20.811,56.246
14:58:22,82,194,2:22.654,55.519
15:00:39,83,195,2:16.425,58.054
15:02:57,84,196,2:18.816,57.054
15:05:16,85,198,2:18.643,57.125
15:07:42,86,199,2:26.074,54.219
15:10:05,87,200,2:23.105,55.344
15:12:24,88,201,2:18.471,57.196
15:14:39,89,202,2:15.540,58.433
15:16:53,90,202,2:14.207,59.013
15:19:07,91,203,2:13.800,59.193
15:21:35,92,204,2:27.842,53.571
15:23:51,93,205,2:15.833,58.307
15:26:04,94,206,2:12.752,59.66
15:28:17,95,208,2:13.419,59.362
15:30:24,96,209,2:07.323,62.204
15:32:30,97,210,2:05.167,63.275
15:34:36,98,211,2:06.794,62.464
15:36:40,99,212,2:03.863,63.942
15:38:46,100,213,2:05.567,63.074
15:40:58,101,214,2:12.163,59.926
15:43:05,102,215,2:06.993,62.366
15:45:55,103,217,2:50.274,46.513
15:56:58,104,223,11:02.699,11.951
15:59:36,105,224,2:37.754,50.205
16:01:33,106,225,1:57.516,67.395
16:03:31,107,226,1:57.303,67.517
16:05:29,108,227,1:58.560,66.802
16:07:27,109,228,1:57.543,67.38
16:09:24,110,229,1:57.726,67.275
16:11:22,111,231,1:57.970,67.136
16:13:19,112,231,1:56.698,67.867
16:15:16,113,232,1:56.837,67.787
16:17:12,114,233,1:56.199,68.159
16:19:08,115,234,1:56.343,68.075
16:21:04,116,235,1:55.769,68.412
16:23:00,117,236,1:55.700,68.453
16:24:56,118,237,1:55.881,68.346
16:26:52,119,238,1:56.026,68.261
16:28:48,120,239,1:56.336,68.079
16:30:44,121,240,1:56.364,68.062